"TIME","CURRENCY","CURRENCY_LABEL","STATINFO","UNIT","Value","Flag and Footnotes"
"2011","BGN","Bulgarian lev","Average","NAC","1.9558",""
"2011","CZK","Czech koruna","Average","NAC","24.590",""
"2011","DKK","Danish krone","Average","NAC","7.4506",""
"2011","HRK","Croatian kuna","Average","NAC","7.43900",""
"2011","HUF","Hungarian forint","Average","NAC","279.37",""
"2011","PLN","Polish zloty","Average","NAC","4.1206",""
"2011","RON","Romanian leu","Average","NAC","4.2391",""
"2011","SEK","Swedish krona","Average","NAC","9.0298",""
"2011","CHF","Swiss franc","Average","NAC","1.2326",""
"2011","ISK","Icelandic krona","Average","NAC","161.42",""
"2011","NOK","Norwegian krone","Average","NAC","7.7934",""
"2011","GBP","Pound sterling","Average","NAC","0.86788",""
"2011","ALL","Albanian lek","Average","NAC","140.33",""
"2011","MKD","Denar (of North Macedonia)","Average","NAC","61.5292",""
"2011","RSD","Serbian dinar","Average","NAC","101.9502",""
"2011","TRY","Turkish lira","Average","NAC","2.3378",""
"2011","AED","UAE dirham","Average","NAC","5.15314",""
"2011","AFN","Afghan afghani","Average","NAC","65.39088",""
"2011","AMD","Armenian dram","Average","NAC","518.77000",""
"2011","ANG","Netherlands Antillean guilder","Average","NAC","251.86300",""
"2011","AOA","Angolan kwanza","Average","NAC","131.32088",""
"2011","ARS","Argentine peso","Average","NAC","5.7440",""
"2011","AUD","Australian dollar","Average","NAC","1.3484",""
"2011","AWG","Aruban guilder","Average","NAC","250.60300",""
"2011","AZN","Azerbaijan manat","Average","NAC","1.09950",""
"2011","BAM","Bosnia and Herzegovina convertible mark","Average","NAC","1.95583",""
"2011","BBD","Barbados dollar","Average","NAC","2.81092",""
"2011","BDT","Bangladeshi taka","Average","NAC","104.87463",""
"2011","BHD","Bahraini dinar","Average","NAC","0.52776",""
"2011","BIF","Burundi franc","Average","NAC","1,769.09437",""
"2011","BMD","Bermuda dollar","Average","NAC","1.39221",""
"2011","BND","Brunei dollar","Average","NAC","1.75595",""
"2011","BOB","Bolivian boliviano","Average","NAC","9.65426",""
"2011","BRL","Brazilian real","Average","NAC","2.3265",""
"2011","BSD","Bahamian dollar","Average","NAC","1.40149",""
"2011","BTN","Bhutan ngultrum","Average","NAC","65.67830",""
"2011","BWP","Botswana pula","Average","NAC","0.10468",""
"2011","BYN","Belarusian rouble","Average","NAC",":",""
"2011","BZD","Belize dollar","Average","NAC","2.80182",""
"2011","CAD","Canadian dollar","Average","NAC","1.3761",""
"2011","CDF","Congolese franc","Average","NAC","1,282.86673",""
"2011","CLP","Chilean peso","Average","NAC","672.37900",""
"2011","CNY","Chinese renminbi-yuan","Average","NAC","8.9960",""
"2011","COP","Colombian peso","Average","NAC","2,569.55000",""
"2011","CRC","Costa Rican colón","Average","NAC","709.73705",""
"2011","CUC","Cuban convertible peso","Average","NAC","1.38117",""
"2011","CVE","Cabo Verde escudo","Average","NAC","110.26500",""
"2011","DJF","Djibouti franc","Average","NAC","250.59700",""
"2011","DOP","Dominican peso","Average","NAC","53.34107",""
"2011","DZD","Algerian dinar","Average","NAC","101.63030",""
"2011","EGP","Egyptian pound","Average","NAC","8.27548",""
"2011","ERN","Eritrean nakfa","Average","NAC","21.30613",""
"2011","ETB","Ethiopian birr","Average","NAC","23.92186",""
"2011","FJD","Fiji dollar","Average","NAC","0.40190",""
"2011","FKP","Falkland Islands pound","Average","NAC","0.86788",""
"2011","GEL","Georgian lari","Average","NAC","2.34640",""
"2011","GHS","Ghana cedi","Average","NAC","2.13331",""
"2011","GIP","Gibraltar pound","Average","NAC","0.86788",""
"2011","GMD","Gambian dalasi","Average","NAC","40.71900",""
"2011","GNF","Guinean franc","Average","NAC","9,621.17500",""
"2011","GTQ","Guatemalan quetzal","Average","NAC","10.90491",""
"2011","GYD","Guyana dollar","Average","NAC","287.03500",""
"2011","HKD","Hong Kong dollar","Average","NAC","10.8362",""
"2011","HNL","Honduran lempira","Average","NAC","26.57831",""
"2011","HTG","Haitian gourde","Average","NAC","56.78550",""
"2011","IDR","Indonesian rupiah","Average","NAC","12,206.51",""
"2011","ILS","Israeli shekel","Average","NAC","4.9775",""
"2011","INR","Indian rupee","Average","NAC","64.8859",""
"2011","IQD","Iraqi dinar","Average","NAC","1,635.47530",""
"2011","IRR","Iranian rial","Average","NAC","14,845.00000",""
"2011","JMD","Jamaica dollar","Average","NAC","120.07565",""
"2011","JOD","Jordanian dinar","Average","NAC","0.99244",""
"2011","JPY","Japanese yen","Average","NAC","110.96",""
"2011","KES","Kenyan shilling","Average","NAC","124.13447",""
"2011","KGS","Kyrgyzstanian som","Average","NAC","64.45490",""
"2011","KHR","Cambodian riel","Average","NAC","5,689.08300",""
"2011","KMF","Comorian franc","Average","NAC","491.96775",""
"2011","KRW","South Korean won","Average","NAC","1,541.23",""
"2011","KWD","Kuwaiti dinar","Average","NAC","0.38634",""
"2011","KYD","Cayman Islands dollar","Average","NAC","1.16000",""
"2011","KZT","Kazakhstan tenge","Average","NAC","204.25000",""
"2011","LAK","Lao kip","Average","NAC","11,218.41700",""
"2011","LBP","Lebanese pound","Average","NAC","2,100.36000",""
"2011","LKR","Sri Lankan rupee","Average","NAC","154.03854",""
"2011","LRD","Liberian dollar","Average","NAC","101.19310",""
"2011","LSL","Lesotho loti","Average","NAC","10.11367",""
"2011","LYD","Libyan dinar","Average","NAC","1.71023",""
"2011","MAD","Moroccan dirham","Average","NAC","11.26540",""
"2011","MDL","Moldovan leu","Average","NAC","16.30790",""
"2011","MGA","Malagasy ariary","Average","NAC","2,820.10000",""
"2011","MMK","Myanmar kyat","Average","NAC","7.58991",""
"2011","MNT","Mongolian tugrik","Average","NAC","1,778.36000",""
"2011","MOP","Macau pataca","Average","NAC","11.21513",""
"2011","MRU","Mauritanian ouguiya","Average","NAC",":",""
"2011","MUR","Mauritian rupee","Average","NAC","40.08227",""
"2011","MVR","Maldive rufiyaa","Average","NAC","20.59101",""
"2011","MWK","Malawian kwacha","Average","NAC","219.46263",""
"2011","MXN","Mexican peso","Average","NAC","17.2877",""
"2011","MYR","Malaysian ringgit","Average","NAC","4.2558",""
"2011","MZN","Mozambique metical","Average","NAC","40.38500",""
"2011","NAD","Namibian dollar","Average","NAC","10.11367",""
"2011","NGN","Nigerian naira","Average","NAC","211.52535",""
"2011","NIO","Nicaraguan córdoba oro","Average","NAC","31.44829",""
"2011","NPR","Nepalese rupee","Average","NAC","104.85900",""
"2011","NZD","New Zealand dollar","Average","NAC","1.7600",""
"2011","OMR","Omani rial","Average","NAC","0.53756",""
"2011","PAB","Panamanian balboa","Average","NAC","1.39200",""
"2011","PEN","Peruvian sol","Average","NAC","3.83800",""
"2011","PGK","Papua New Guinea kina","Average","NAC","0.30860",""
"2011","PHP","Philippine peso","Average","NAC","60.260",""
"2011","PKR","Pakistani rupee","Average","NAC","120.14042",""
"2011","PYG","Paraguay guarani","Average","NAC","5,838.51300",""
"2011","QAR","Qatari riyal","Average","NAC","5.08630",""
"2011","RUB","Russian rouble","Average","NAC","40.8846",""
"2011","RWF","Rwandese franc","Average","NAC","835.11206",""
"2011","SAR","Saudi riyal","Average","NAC","5.27625",""
"2011","SBD","Solomon Islands dollar","Average","NAC","0.09456",""
"2011","SCR","Seychelles rupee","Average","NAC","17.33928",""
"2011","SDG","Sudanese pound","Average","NAC","3.74650",""
"2011","SGD","Singapore dollar","Average","NAC","1.7489",""
"2011","SHP","Saint Helena pound","Average","NAC","0.86788",""
"2011","SLL","Sierra Leonean leone","Average","NAC","6,101.73100",""
"2011","SRD","Surinamese dollar","Average","NAC","4.61480",""
"2011","SSP","South Sudanese pound","Average","NAC",":",""
"2011","STN","Sao Tomé and Principe dobra","Average","NAC",":",""
"2011","SVC","Salvadorian colón","Average","NAC","12.18000",""
"2011","SYP","Syrian pound","Average","NAC","68.04600",""
"2011","SZL","Swaziland lilangeni (Eswatini)","Average","NAC","10.15634",""
"2011","THB","Thai baht","Average","NAC","42.4288",""
"2011","TJS","Tajikistani somoni","Average","NAC","6.44820",""
"2011","TMT","Turkmen manat","Average","NAC","3.96990",""
"2011","TND","Tunisian dinar","Average","NAC","1.94392",""
"2011","TOP","Tonga pa'anga","Average","NAC","0.42678",""
"2011","TTD","Trinidad and Tobago dollar","Average","NAC","8.90877",""
"2011","TWD","New Taiwan dollar","Average","NAC","40.9060",""
"2011","TZS","Tanzanian shilling","Average","NAC","2,185.24674",""
"2011","UAH","Ukraine hryvnia","Average","NAC","11.07467",""
"2011","UGX","Uganda shilling","Average","NAC","3,542.67958",""
"2011","USD","US dollar","Average","NAC","1.3920",""
"2011","UYU","Uruguayan peso","Average","NAC","26.84478",""
"2011","UZS","Uzbekistan sum","Average","NAC","2,388.94000",""
"2011","VES","Venezuelan Bolívar soberano","Average","NAC",":",""
"2011","VND","Vietnamese dong","Average","NAC","29,217.98700",""
"2011","VUV","Vanuatu vatu","Average","NAC","129.24900",""
"2011","WST","Samoan tala","Average","NAC","0.31446",""
"2011","XAF","CFA franc (BEAC)","Average","NAC","655.95700",""
"2011","XCD","East Caribbean dollar","Average","NAC","3.76195",""
"2011","XOF","CFA franc (BCEAO)","Average","NAC","655.95700",""
"2011","XPF","CFP franc (French Polynesia, New Caledonia, Wallis and Futuna)","Average","NAC","8.38000",""
"2011","YER","Yemeni rial","Average","NAC","299.41300",""
"2011","ZAR","South African rand","Average","NAC","10.0970",""
"2011","ZMW","Zambian kwacha","Average","NAC",":",""
"2011","ZWL","Zimbabwe dollar","Average","NAC",":",""
"2012","BGN","Bulgarian lev","Average","NAC","1.9558",""
"2012","CZK","Czech koruna","Average","NAC","25.149",""
"2012","DKK","Danish krone","Average","NAC","7.4437",""
"2012","HRK","Croatian kuna","Average","NAC","7.52170",""
"2012","HUF","Hungarian forint","Average","NAC","289.25",""
"2012","PLN","Polish zloty","Average","NAC","4.1847",""
"2012","RON","Romanian leu","Average","NAC","4.4593",""
"2012","SEK","Swedish krona","Average","NAC","8.7041",""
"2012","CHF","Swiss franc","Average","NAC","1.2053",""
"2012","ISK","Icelandic krona","Average","NAC","160.73",""
"2012","NOK","Norwegian krone","Average","NAC","7.4751",""
"2012","GBP","Pound sterling","Average","NAC","0.81087",""
"2012","ALL","Albanian lek","Average","NAC","139.04",""
"2012","MKD","Denar (of North Macedonia)","Average","NAC","61.5316",""
"2012","RSD","Serbian dinar","Average","NAC","113.1277",""
"2012","TRY","Turkish lira","Average","NAC","2.3135",""
"2012","AED","UAE dirham","Average","NAC","4.74859",""
"2012","AFN","Afghan afghani","Average","NAC","65.67500",""
"2012","AMD","Armenian dram","Average","NAC","517.27000",""
"2012","ANG","Netherlands Antillean guilder","Average","NAC","232.66200",""
"2012","AOA","Angolan kwanza","Average","NAC","123.06025",""
"2012","ARS","Argentine peso","Average","NAC","5.8382",""
"2012","AUD","Australian dollar","Average","NAC","1.2407",""
"2012","AWG","Aruban guilder","Average","NAC","231.49900",""
"2012","AZN","Azerbaijan manat","Average","NAC","1.01120",""
"2012","BAM","Bosnia and Herzegovina convertible mark","Average","NAC","1.95583",""
"2012","BBD","Barbados dollar","Average","NAC","2.59165",""
"2012","BDT","Bangladeshi taka","Average","NAC","105.81918",""
"2012","BHD","Bahraini dinar","Average","NAC","0.48657",""
"2012","BIF","Burundi franc","Average","NAC","1,874.82068",""
"2012","BMD","Bermuda dollar","Average","NAC","1.28499",""
"2012","BND","Brunei dollar","Average","NAC","1.61214",""
"2012","BOB","Bolivian boliviano","Average","NAC","8.87947",""
"2012","BRL","Brazilian real","Average","NAC","2.5084",""
"2012","BSD","Bahamian dollar","Average","NAC","1.29403",""
"2012","BTN","Bhutan ngultrum","Average","NAC","69.12040",""
"2012","BWP","Botswana pula","Average","NAC","0.10178",""
"2012","BYN","Belarusian rouble","Average","NAC",":",""
"2012","BZD","Belize dollar","Average","NAC","2.58004",""
"2012","CAD","Canadian dollar","Average","NAC","1.2842",""
"2012","CDF","Congolese franc","Average","NAC","1,184.84975",""
"2012","CLP","Chilean peso","Average","NAC","625.53800",""
"2012","CNY","Chinese renminbi-yuan","Average","NAC","8.1052",""
"2012","COP","Colombian peso","Average","NAC","2,310.52500",""
"2012","CRC","Costa Rican colón","Average","NAC","650.26772",""
"2012","CUC","Cuban convertible peso","Average","NAC","1.29025",""
"2012","CVE","Cabo Verde escudo","Average","NAC","110.26500",""
"2012","DJF","Djibouti franc","Average","NAC","231.08700",""
"2012","DOP","Dominican peso","Average","NAC","50.86716",""
"2012","DZD","Algerian dinar","Average","NAC","99.71970",""
"2012","EGP","Egyptian pound","Average","NAC","7.79880",""
"2012","ERN","Eritrean nakfa","Average","NAC","19.76013",""
"2012","ETB","Ethiopian birr","Average","NAC","23.11522",""
"2012","FJD","Fiji dollar","Average","NAC","0.43359",""
"2012","FKP","Falkland Islands pound","Average","NAC","0.81087",""
"2012","GEL","Georgian lari","Average","NAC","2.12680",""
"2012","GHS","Ghana cedi","Average","NAC","2.37156",""
"2012","GIP","Gibraltar pound","Average","NAC","0.81087",""
"2012","GMD","Gambian dalasi","Average","NAC","41.63100",""
"2012","GNF","Guinean franc","Average","NAC","8,878.62925",""
"2012","GTQ","Guatemalan quetzal","Average","NAC","10.13717",""
"2012","GYD","Guyana dollar","Average","NAC","265.15042",""
"2012","HKD","Hong Kong dollar","Average","NAC","9.9663",""
"2012","HNL","Honduran lempira","Average","NAC","25.35253",""
"2012","HTG","Haitian gourde","Average","NAC","54.32330",""
"2012","IDR","Indonesian rupiah","Average","NAC","12,045.73",""
"2012","ILS","Israeli shekel","Average","NAC","4.9536",""
"2012","INR","Indian rupee","Average","NAC","68.5973",""
"2012","IQD","Iraqi dinar","Average","NAC","1,501.59780",""
"2012","IRR","Iranian rial","Average","NAC","15,844.00000",""
"2012","JMD","Jamaica dollar","Average","NAC","114.66175",""
"2012","JOD","Jordanian dinar","Average","NAC","0.91510",""
"2012","JPY","Japanese yen","Average","NAC","102.49",""
"2012","KES","Kenyan shilling","Average","NAC","109.38276",""
"2012","KGS","Kyrgyzstanian som","Average","NAC","60.44580",""
"2012","KHR","Cambodian riel","Average","NAC","5,201.20800",""
"2012","KMF","Comorian franc","Average","NAC","491.96775",""
"2012","KRW","South Korean won","Average","NAC","1,447.69",""
"2012","KWD","Kuwaiti dinar","Average","NAC","0.36165",""
"2012","KYD","Cayman Islands dollar","Average","NAC","1.07070",""
"2012","KZT","Kazakhstan tenge","Average","NAC","191.85000",""
"2012","LAK","Lao kip","Average","NAC","10,316.45800",""
"2012","LBP","Lebanese pound","Average","NAC","1,941.40000",""
"2012","LKR","Sri Lankan rupee","Average","NAC","164.59875",""
"2012","LRD","Liberian dollar","Average","NAC","95.24898",""
"2012","LSL","Lesotho loti","Average","NAC","10.58833",""
"2012","LYD","Libyan dinar","Average","NAC","1.62588",""
"2012","MAD","Moroccan dirham","Average","NAC","11.10350",""
"2012","MDL","Moldovan leu","Average","NAC","15.57120",""
"2012","MGA","Malagasy ariary","Average","NAC","2,824.67000",""
"2012","MMK","Myanmar kyat","Average","NAC",":",""
"2012","MNT","Mongolian tugrik","Average","NAC","1,756.31000",""
"2012","MOP","Macau pataca","Average","NAC","10.31256",""
"2012","MRU","Mauritanian ouguiya","Average","NAC",":",""
"2012","MUR","Mauritian rupee","Average","NAC","38.75694",""
"2012","MVR","Maldive rufiyaa","Average","NAC","19.90514",""
"2012","MWK","Malawian kwacha","Average","NAC","325.82985",""
"2012","MXN","Mexican peso","Average","NAC","16.9029",""
"2012","MYR","Malaysian ringgit","Average","NAC","3.9672",""
"2012","MZN","Mozambique metical","Average","NAC","36.63600",""
"2012","NAD","Namibian dollar","Average","NAC","10.56911",""
"2012","NGN","Nigerian naira","Average","NAC","200.17573",""
"2012","NIO","Nicaraguan córdoba oro","Average","NAC","30.50671",""
"2012","NPR","Nepalese rupee","Average","NAC","110.52600",""
"2012","NZD","New Zealand dollar","Average","NAC","1.5867",""
"2012","OMR","Omani rial","Average","NAC","0.49702",""
"2012","PAB","Panamanian balboa","Average","NAC","1.28480",""
"2012","PEN","Peruvian sol","Average","NAC","3.45450",""
"2012","PGK","Papua New Guinea kina","Average","NAC","0.37516",""
"2012","PHP","Philippine peso","Average","NAC","54.246",""
"2012","PKR","Pakistani rupee","Average","NAC","120.08083",""
"2012","PYG","Paraguay guarani","Average","NAC","5,688.55600",""
"2012","QAR","Qatari riyal","Average","NAC","4.70463",""
"2012","RUB","Russian rouble","Average","NAC","39.9262",""
"2012","RWF","Rwandese franc","Average","NAC","790.48309",""
"2012","SAR","Saudi riyal","Average","NAC","4.88035",""
"2012","SBD","Solomon Islands dollar","Average","NAC","0.10647",""
"2012","SCR","Seychelles rupee","Average","NAC","17.68361",""
"2012","SDG","Sudanese pound","Average","NAC","4.74351",""
"2012","SGD","Singapore dollar","Average","NAC","1.6055",""
"2012","SHP","Saint Helena pound","Average","NAC","0.81087",""
"2012","SLL","Sierra Leonean leone","Average","NAC","5,615.27000",""
"2012","SRD","Surinamese dollar","Average","NAC","4.25500",""
"2012","SSP","South Sudanese pound","Average","NAC","3.81484",""
"2012","STN","Sao Tomé and Principe dobra","Average","NAC",":",""
"2012","SVC","Salvadorian colón","Average","NAC","11.24200",""
"2012","SYP","Syrian pound","Average","NAC","84.45100",""
"2012","SZL","Swaziland lilangeni (Eswatini)","Average","NAC","10.59208",""
"2012","THB","Thai baht","Average","NAC","39.9276",""
"2012","TJS","Tajikistani somoni","Average","NAC","6.13780",""
"2012","TMT","Turkmen manat","Average","NAC","3.66280",""
"2012","TND","Tunisian dinar","Average","NAC","2.00206",""
"2012","TOP","Tonga pa'anga","Average","NAC","0.45955",""
"2012","TTD","Trinidad and Tobago dollar","Average","NAC","8.20043",""
"2012","TWD","New Taiwan dollar","Average","NAC","37.9970",""
"2012","TZS","Tanzanian shilling","Average","NAC","2,031.75052",""
"2012","UAH","Ukraine hryvnia","Average","NAC","10.27177",""
"2012","UGX","Uganda shilling","Average","NAC","3,242.85792",""
"2012","USD","US dollar","Average","NAC","1.2848",""
"2012","UYU","Uruguayan peso","Average","NAC","26.09404",""
"2012","UZS","Uzbekistan sum","Average","NAC","2,436.92000",""
"2012","VES","Venezuelan Bolívar soberano","Average","NAC",":",""
"2012","VND","Vietnamese dong","Average","NAC","26,986.36500",""
"2012","VUV","Vanuatu vatu","Average","NAC","120.33400",""
"2012","WST","Samoan tala","Average","NAC","0.34143",""
"2012","XAF","CFA franc (BEAC)","Average","NAC","655.95700",""
"2012","XCD","East Caribbean dollar","Average","NAC","3.47224",""
"2012","XOF","CFA franc (BCEAO)","Average","NAC","655.95700",""
"2012","XPF","CFP franc (French Polynesia, New Caledonia, Wallis and Futuna)","Average","NAC","8.38000",""
"2012","YER","Yemeni rial","Average","NAC","277.11600",""
"2012","ZAR","South African rand","Average","NAC","10.5511",""
"2012","ZMW","Zambian kwacha","Average","NAC",":",""
"2012","ZWL","Zimbabwe dollar","Average","NAC",":",""
"2013","BGN","Bulgarian lev","Average","NAC","1.9558",""
"2013","CZK","Czech koruna","Average","NAC","25.980",""
"2013","DKK","Danish krone","Average","NAC","7.4579",""
"2013","HRK","Croatian kuna","Average","NAC","7.57860",""
"2013","HUF","Hungarian forint","Average","NAC","296.87",""
"2013","PLN","Polish zloty","Average","NAC","4.1975",""
"2013","RON","Romanian leu","Average","NAC","4.4190",""
"2013","SEK","Swedish krona","Average","NAC","8.6515",""
"2013","CHF","Swiss franc","Average","NAC","1.2311",""
"2013","ISK","Icelandic krona","Average","NAC","162.38",""
"2013","NOK","Norwegian krone","Average","NAC","7.8067",""
"2013","GBP","Pound sterling","Average","NAC","0.84926",""
"2013","ALL","Albanian lek","Average","NAC","140.26",""
"2013","MKD","Denar (of North Macedonia)","Average","NAC","61.5850",""
"2013","RSD","Serbian dinar","Average","NAC","113.1369",""
"2013","TRY","Turkish lira","Average","NAC","2.5335",""
"2013","AED","UAE dirham","Average","NAC","4.89452",""
"2013","AFN","Afghan afghani","Average","NAC","73.57333",""
"2013","AMD","Armenian dram","Average","NAC","544.27000",""
"2013","ANG","Netherlands Antillean guilder","Average","NAC","239.47700",""
"2013","AOA","Angolan kwanza","Average","NAC","128.40417",""
"2013","ARS","Argentine peso","Average","NAC","7.2743",""
"2013","AUD","Australian dollar","Average","NAC","1.3777",""
"2013","AWG","Aruban guilder","Average","NAC","238.27900",""
"2013","AZN","Azerbaijan manat","Average","NAC","1.04400",""
"2013","BAM","Bosnia and Herzegovina convertible mark","Average","NAC","1.95583",""
"2013","BBD","Barbados dollar","Average","NAC","2.67559",""
"2013","BDT","Bangladeshi taka","Average","NAC","103.85798",""
"2013","BHD","Bahraini dinar","Average","NAC","0.50208",""
"2013","BIF","Burundi franc","Average","NAC","2,080.56794",""
"2013","BMD","Bermuda dollar","Average","NAC","1.32830",""
"2013","BND","Brunei dollar","Average","NAC","1.67131",""
"2013","BOB","Bolivian boliviano","Average","NAC","9.17813",""
"2013","BRL","Brazilian real","Average","NAC","2.8687",""
"2013","BSD","Bahamian dollar","Average","NAC","1.33155",""
"2013","BTN","Bhutan ngultrum","Average","NAC","78.39040",""
"2013","BWP","Botswana pula","Average","NAC","0.08900",""
"2013","BYN","Belarusian rouble","Average","NAC",":",""
"2013","BZD","Belize dollar","Average","NAC","2.66027",""
"2013","CAD","Canadian dollar","Average","NAC","1.3684",""
"2013","CDF","Congolese franc","Average","NAC","1,223.64726",""
"2013","CLP","Chilean peso","Average","NAC","657.59600",""
"2013","CNY","Chinese renminbi-yuan","Average","NAC","8.1646",""
"2013","COP","Colombian peso","Average","NAC","2,482.88700",""
"2013","CRC","Costa Rican colón","Average","NAC","665.44643",""
"2013","CUC","Cuban convertible peso","Average","NAC","1.33174",""
"2013","CVE","Cabo Verde escudo","Average","NAC","110.26500",""
"2013","DJF","Djibouti franc","Average","NAC","238.11700",""
"2013","DOP","Dominican peso","Average","NAC","55.70468",""
"2013","DZD","Algerian dinar","Average","NAC","105.70580",""
"2013","EGP","Egyptian pound","Average","NAC","9.13239",""
"2013","ERN","Eritrean nakfa","Average","NAC","20.35513",""
"2013","ETB","Ethiopian birr","Average","NAC","25.10899",""
"2013","FJD","Fiji dollar","Average","NAC","0.40621",""
"2013","FKP","Falkland Islands pound","Average","NAC","0.84926",""
"2013","GEL","Georgian lari","Average","NAC","2.20680",""
"2013","GHS","Ghana cedi","Average","NAC","2.65826",""
"2013","GIP","Gibraltar pound","Average","NAC","0.84926",""
"2013","GMD","Gambian dalasi","Average","NAC","45.85600",""
"2013","GNF","Guinean franc","Average","NAC","9,044.18321",""
"2013","GTQ","Guatemalan quetzal","Average","NAC","10.45431",""
"2013","GYD","Guyana dollar","Average","NAC","274.26708",""
"2013","HKD","Hong Kong dollar","Average","NAC","10.3016",""
"2013","HNL","Honduran lempira","Average","NAC","27.21901",""
"2013","HTG","Haitian gourde","Average","NAC","57.91990",""
"2013","IDR","Indonesian rupiah","Average","NAC","13,857.50",""
"2013","ILS","Israeli shekel","Average","NAC","4.7948",""
"2013","INR","Indian rupee","Average","NAC","77.9300",""
"2013","IQD","Iraqi dinar","Average","NAC","1,552.74310",""
"2013","IRR","Iranian rial","Average","NAC","24,794.00000",""
"2013","JMD","Jamaica dollar","Average","NAC","134.39736",""
"2013","JOD","Jordanian dinar","Average","NAC","0.94375",""
"2013","JPY","Japanese yen","Average","NAC","129.66",""
"2013","KES","Kenyan shilling","Average","NAC","114.85670",""
"2013","KGS","Kyrgyzstanian som","Average","NAC","64.41900",""
"2013","KHR","Cambodian riel","Average","NAC","5,393.04200",""
"2013","KMF","Comorian franc","Average","NAC","491.96775",""
"2013","KRW","South Korean won","Average","NAC","1,453.91",""
"2013","KWD","Kuwaiti dinar","Average","NAC","0.37759",""
"2013","KYD","Cayman Islands dollar","Average","NAC","1.10680",""
"2013","KZT","Kazakhstan tenge","Average","NAC","202.42000",""
"2013","LAK","Lao kip","Average","NAC","10,435.58300",""
"2013","LBP","Lebanese pound","Average","NAC","2,003.90000",""
"2013","LKR","Sri Lankan rupee","Average","NAC","171.91583",""
"2013","LRD","Liberian dollar","Average","NAC","103.53671",""
"2013","LSL","Lesotho loti","Average","NAC","12.92834",""
"2013","LYD","Libyan dinar","Average","NAC","1.69146",""
"2013","MAD","Moroccan dirham","Average","NAC","11.17270",""
"2013","MDL","Moldovan leu","Average","NAC","16.75500",""
"2013","MGA","Malagasy ariary","Average","NAC","2,924.61000",""
"2013","MMK","Myanmar kyat","Average","NAC","1,250.17855",""
"2013","MNT","Mongolian tugrik","Average","NAC","2,046.78000",""
"2013","MOP","Macau pataca","Average","NAC","10.64053",""
"2013","MRU","Mauritanian ouguiya","Average","NAC",":",""
"2013","MUR","Mauritian rupee","Average","NAC","40.81618",""
"2013","MVR","Maldive rufiyaa","Average","NAC","20.48379",""
"2013","MWK","Malawian kwacha","Average","NAC","498.51711",""
"2013","MXN","Mexican peso","Average","NAC","16.9641",""
"2013","MYR","Malaysian ringgit","Average","NAC","4.1855",""
"2013","MZN","Mozambique metical","Average","NAC","39.81600",""
"2013","NAD","Namibian dollar","Average","NAC","12.95251",""
"2013","NGN","Nigerian naira","Average","NAC","206.43647",""
"2013","NIO","Nicaraguan córdoba oro","Average","NAC","32.97339",""
"2013","NPR","Nepalese rupee","Average","NAC","125.55600",""
"2013","NZD","New Zealand dollar","Average","NAC","1.6206",""
"2013","OMR","Omani rial","Average","NAC","0.51124",""
"2013","PAB","Panamanian balboa","Average","NAC","1.32810",""
"2013","PEN","Peruvian sol","Average","NAC","3.59200",""
"2013","PGK","Papua New Guinea kina","Average","NAC","0.32491",""
"2013","PHP","Philippine peso","Average","NAC","56.428",""
"2013","PKR","Pakistani rupee","Average","NAC","135.04396",""
"2013","PYG","Paraguay guarani","Average","NAC","5,725.61800",""
"2013","QAR","Qatari riyal","Average","NAC","4.84708",""
"2013","RUB","Russian rouble","Average","NAC","42.3370",""
"2013","RWF","Rwandese franc","Average","NAC","860.26863",""
"2013","SAR","Saudi riyal","Average","NAC","5.01039",""
"2013","SBD","Solomon Islands dollar","Average","NAC","0.10343",""
"2013","SCR","Seychelles rupee","Average","NAC","15.99420",""
"2013","SDG","Sudanese pound","Average","NAC","6.45425",""
"2013","SGD","Singapore dollar","Average","NAC","1.6619",""
"2013","SHP","Saint Helena pound","Average","NAC","0.84926",""
"2013","SLL","Sierra Leonean leone","Average","NAC","5,758.88300",""
"2013","SRD","Surinamese dollar","Average","NAC","4.39660",""
"2013","SSP","South Sudanese pound","Average","NAC","3.92596",""
"2013","STN","Sao Tomé and Principe dobra","Average","NAC",":",""
"2013","SVC","Salvadorian colón","Average","NAC","11.62090",""
"2013","SYP","Syrian pound","Average","NAC","149.00200",""
"2013","SZL","Swaziland lilangeni (Eswatini)","Average","NAC","13.02602",""
"2013","THB","Thai baht","Average","NAC","40.8297",""
"2013","TJS","Tajikistani somoni","Average","NAC","6.26650",""
"2013","TMT","Turkmen manat","Average","NAC","3.78960",""
"2013","TND","Tunisian dinar","Average","NAC","2.15010",""
"2013","TOP","Tonga pa'anga","Average","NAC","0.42163",""
"2013","TTD","Trinidad and Tobago dollar","Average","NAC","8.51197",""
"2013","TWD","New Taiwan dollar","Average","NAC","39.4270",""
"2013","TZS","Tanzanian shilling","Average","NAC","2,127.57043",""
"2013","UAH","Ukraine hryvnia","Average","NAC","10.61573",""
"2013","UGX","Uganda shilling","Average","NAC","3,440.47458",""
"2013","USD","US dollar","Average","NAC","1.3281",""
"2013","UYU","Uruguayan peso","Average","NAC","27.25570",""
"2013","UZS","Uzbekistan sum","Average","NAC","2,785.42000",""
"2013","VES","Venezuelan Bolívar soberano","Average","NAC",":",""
"2013","VND","Vietnamese dong","Average","NAC","28,043.15900",""
"2013","VUV","Vanuatu vatu","Average","NAC","127.94000",""
"2013","WST","Samoan tala","Average","NAC","0.32671",""
"2013","XAF","CFA franc (BEAC)","Average","NAC","655.95700",""
"2013","XCD","East Caribbean dollar","Average","NAC","3.58926",""
"2013","XOF","CFA franc (BCEAO)","Average","NAC","655.95700",""
"2013","XPF","CFP franc (French Polynesia, New Caledonia, Wallis and Futuna)","Average","NAC","8.38000",""
"2013","YER","Yemeni rial","Average","NAC","285.88400",""
"2013","ZAR","South African rand","Average","NAC","12.8330",""
"2013","ZMW","Zambian kwacha","Average","NAC","7.18745",""
"2013","ZWL","Zimbabwe dollar","Average","NAC",":",""
"2014","BGN","Bulgarian lev","Average","NAC","1.9558",""
"2014","CZK","Czech koruna","Average","NAC","27.536",""
"2014","DKK","Danish krone","Average","NAC","7.4548",""
"2014","HRK","Croatian kuna","Average","NAC","7.63440",""
"2014","HUF","Hungarian forint","Average","NAC","308.71",""
"2014","PLN","Polish zloty","Average","NAC","4.1843",""
"2014","RON","Romanian leu","Average","NAC","4.4437",""
"2014","SEK","Swedish krona","Average","NAC","9.0985",""
"2014","CHF","Swiss franc","Average","NAC","1.2146",""
"2014","ISK","Icelandic krona","Average","NAC","154.86",""
"2014","NOK","Norwegian krone","Average","NAC","8.3544",""
"2014","GBP","Pound sterling","Average","NAC","0.80612",""
"2014","ALL","Albanian lek","Average","NAC","139.97",""
"2014","MKD","Denar (of North Macedonia)","Average","NAC","61.6244",""
"2014","RSD","Serbian dinar","Average","NAC","117.3060",""
"2014","TRY","Turkish lira","Average","NAC","2.9065",""
"2014","AED","UAE dirham","Average","NAC","4.87892",""
"2014","AFN","Afghan afghani","Average","NAC","75.74917",""
"2014","AMD","Armenian dram","Average","NAC","552.37000",""
"2014","ANG","Netherlands Antillean guilder","Average","NAC","237.62700",""
"2014","AOA","Angolan kwanza","Average","NAC","130.09958",""
"2014","ARS","Argentine peso","Average","NAC","10.7670",""
"2014","AUD","Australian dollar","Average","NAC","1.4719",""
"2014","AWG","Aruban guilder","Average","NAC","236.47500",""
"2014","AZN","Azerbaijan manat","Average","NAC","1.04010",""
"2014","BAM","Bosnia and Herzegovina convertible mark","Average","NAC","1.95583",""
"2014","BBD","Barbados dollar","Average","NAC","2.65597",""
"2014","BDT","Bangladeshi taka","Average","NAC","102.87170",""
"2014","BHD","Bahraini dinar","Average","NAC","0.49768",""
"2014","BIF","Burundi franc","Average","NAC","2,043.59013",""
"2014","BMD","Bermuda dollar","Average","NAC","1.32870",""
"2014","BND","Brunei dollar","Average","NAC","1.67919",""
"2014","BOB","Bolivian boliviano","Average","NAC","9.17689",""
"2014","BRL","Brazilian real","Average","NAC","3.1211",""
"2014","BSD","Bahamian dollar","Average","NAC","1.31919",""
"2014","BTN","Bhutan ngultrum","Average","NAC","80.75920",""
"2014","BWP","Botswana pula","Average","NAC","0.08423",""
"2014","BYN","Belarusian rouble","Average","NAC",":",""
"2014","BZD","Belize dollar","Average","NAC","2.64260",""
"2014","CAD","Canadian dollar","Average","NAC","1.4661",""
"2014","CDF","Congolese franc","Average","NAC","1,223.64235",""
"2014","CLP","Chilean peso","Average","NAC","757.17800",""
"2014","CNY","Chinese renminbi-yuan","Average","NAC","8.1857",""
"2014","COP","Colombian peso","Average","NAC","2,651.02000",""
"2014","CRC","Costa Rican colón","Average","NAC","713.61978",""
"2014","CUC","Cuban convertible peso","Average","NAC","1.32166",""
"2014","CVE","Cabo Verde escudo","Average","NAC","110.26500",""
"2014","DJF","Djibouti franc","Average","NAC","236.37300",""
"2014","DOP","Dominican peso","Average","NAC","57.76701",""
"2014","DZD","Algerian dinar","Average","NAC","106.90680",""
"2014","EGP","Egyptian pound","Average","NAC","9.41007",""
"2014","ERN","Eritrean nakfa","Average","NAC","20.23538",""
"2014","ETB","Ethiopian birr","Average","NAC","26.19499",""
"2014","FJD","Fiji dollar","Average","NAC","0.40000",""
"2014","FKP","Falkland Islands pound","Average","NAC","0.80612",""
"2014","GEL","Georgian lari","Average","NAC","2.33990",""
"2014","GHS","Ghana cedi","Average","NAC","3.87074",""
"2014","GIP","Gibraltar pound","Average","NAC","0.80612",""
"2014","GMD","Gambian dalasi","Average","NAC","55.85400",""
"2014","GNF","Guinean franc","Average","NAC","9,131.76895",""
"2014","GTQ","Guatemalan quetzal","Average","NAC","10.20646",""
"2014","GYD","Guyana dollar","Average","NAC","273.68917",""
"2014","HKD","Hong Kong dollar","Average","NAC","10.3025",""
"2014","HNL","Honduran lempira","Average","NAC","27.85592",""
"2014","HTG","Haitian gourde","Average","NAC","59.86960",""
"2014","IDR","Indonesian rupiah","Average","NAC","15,748.92",""
"2014","ILS","Israeli shekel","Average","NAC","4.7449",""
"2014","INR","Indian rupee","Average","NAC","81.0406",""
"2014","IQD","Iraqi dinar","Average","NAC","1,543.67000",""
"2014","IRR","Iranian rial","Average","NAC","34,352.00000",""
"2014","JMD","Jamaica dollar","Average","NAC","146.90426",""
"2014","JOD","Jordanian dinar","Average","NAC","0.93707",""
"2014","JPY","Japanese yen","Average","NAC","140.31",""
"2014","KES","Kenyan shilling","Average","NAC","116.27488",""
"2014","KGS","Kyrgyzstanian som","Average","NAC","71.22460",""
"2014","KHR","Cambodian riel","Average","NAC","5,364.54200",""
"2014","KMF","Comorian franc","Average","NAC","491.96775",""
"2014","KRW","South Korean won","Average","NAC","1,398.14",""
"2014","KWD","Kuwaiti dinar","Average","NAC","0.37710",""
"2014","KYD","Cayman Islands dollar","Average","NAC","1.10710",""
"2014","KZT","Kazakhstan tenge","Average","NAC","238.91000",""
"2014","LAK","Lao kip","Average","NAC","10,621.50000",""
"2014","LBP","Lebanese pound","Average","NAC","1,998.49000",""
"2014","LKR","Sri Lankan rupee","Average","NAC","172.80729",""
"2014","LRD","Liberian dollar","Average","NAC","111.90738",""
"2014","LSL","Lesotho loti","Average","NAC","14.37200",""
"2014","LYD","Libyan dinar","Average","NAC","1.68607",""
"2014","MAD","Moroccan dirham","Average","NAC","11.17630",""
"2014","MDL","Moldovan leu","Average","NAC","18.64450",""
"2014","MGA","Malagasy ariary","Average","NAC","3,203.66000",""
"2014","MMK","Myanmar kyat","Average","NAC","1,301.45000",""
"2014","MNT","Mongolian tugrik","Average","NAC","2,406.24000",""
"2014","MOP","Macau pataca","Average","NAC","10.56207",""
"2014","MRU","Mauritanian ouguiya","Average","NAC",":",""
"2014","MUR","Mauritian rupee","Average","NAC","40.48109",""
"2014","MVR","Maldive rufiyaa","Average","NAC","20.33277",""
"2014","MWK","Malawian kwacha","Average","NAC","561.62350",""
"2014","MXN","Mexican peso","Average","NAC","17.6550",""
"2014","MYR","Malaysian ringgit","Average","NAC","4.3446",""
"2014","MZN","Mozambique metical","Average","NAC","40.62400",""
"2014","NAD","Namibian dollar","Average","NAC","14.31834",""
"2014","NGN","Nigerian naira","Average","NAC","207.70969",""
"2014","NIO","Nicaraguan córdoba oro","Average","NAC","34.34194",""
"2014","NPR","Nepalese rupee","Average","NAC","129.12000",""
"2014","NZD","New Zealand dollar","Average","NAC","1.5995",""
"2014","OMR","Omani rial","Average","NAC","0.50865",""
"2014","PAB","Panamanian balboa","Average","NAC","1.32850",""
"2014","PEN","Peruvian sol","Average","NAC","3.77430",""
"2014","PGK","Papua New Guinea kina","Average","NAC","0.29158",""
"2014","PHP","Philippine peso","Average","NAC","58.979",""
"2014","PKR","Pakistani rupee","Average","NAC","133.44667",""
"2014","PYG","Paraguay guarani","Average","NAC","5,916.78500",""
"2014","QAR","Qatari riyal","Average","NAC","4.81388",""
"2014","RUB","Russian rouble","Average","NAC","50.9518",""
"2014","RWF","Rwandese franc","Average","NAC","905.86649",""
"2014","SAR","Saudi riyal","Average","NAC","4.97161",""
"2014","SBD","Solomon Islands dollar","Average","NAC","0.10259",""
"2014","SCR","Seychelles rupee","Average","NAC","16.93605",""
"2014","SDG","Sudanese pound","Average","NAC","7.57710",""
"2014","SGD","Singapore dollar","Average","NAC","1.6823",""
"2014","SHP","Saint Helena pound","Average","NAC","0.80612",""
"2014","SLL","Sierra Leonean leone","Average","NAC","5,994.51000",""
"2014","SRD","Surinamese dollar","Average","NAC","4.36160",""
"2014","SSP","South Sudanese pound","Average","NAC","3.89737",""
"2014","STN","Sao Tomé and Principe dobra","Average","NAC",":",""
"2014","SVC","Salvadorian colón","Average","NAC","11.62440",""
"2014","SYP","Syrian pound","Average","NAC","205.19300",""
"2014","SZL","Swaziland lilangeni (Eswatini)","Average","NAC","14.31075",""
"2014","THB","Thai baht","Average","NAC","43.1469",""
"2014","TJS","Tajikistani somoni","Average","NAC","6.55860",""
"2014","TMT","Turkmen manat","Average","NAC","3.78280",""
"2014","TND","Tunisian dinar","Average","NAC","2.24568",""
"2014","TOP","Tonga pa'anga","Average","NAC","0.40933",""
"2014","TTD","Trinidad and Tobago dollar","Average","NAC","8.44742",""
"2014","TWD","New Taiwan dollar","Average","NAC","40.2520",""
"2014","TZS","Tanzanian shilling","Average","NAC","2,191.27185",""
"2014","UAH","Ukraine hryvnia","Average","NAC","15.68328",""
"2014","UGX","Uganda shilling","Average","NAC","3,453.17958",""
"2014","USD","US dollar","Average","NAC","1.3285",""
"2014","UYU","Uruguayan peso","Average","NAC","30.79710",""
"2014","UZS","Uzbekistan sum","Average","NAC","3,083.52000",""
"2014","VES","Venezuelan Bolívar soberano","Average","NAC",":",""
"2014","VND","Vietnamese dong","Average","NAC","28,043.17100",""
"2014","VUV","Vanuatu vatu","Average","NAC","130.01900",""
"2014","WST","Samoan tala","Average","NAC","0.32392",""
"2014","XAF","CFA franc (BEAC)","Average","NAC","655.95700",""
"2014","XCD","East Caribbean dollar","Average","NAC","3.59034",""
"2014","XOF","CFA franc (BCEAO)","Average","NAC","655.95700",""
"2014","XPF","CFP franc (French Polynesia, New Caledonia, Wallis and Futuna)","Average","NAC","8.38000",""
"2014","YER","Yemeni rial","Average","NAC","284.37200",""
"2014","ZAR","South African rand","Average","NAC","14.4037",""
"2014","ZMW","Zambian kwacha","Average","NAC","8.17570",""
"2014","ZWL","Zimbabwe dollar","Average","NAC",":",""
"2015","BGN","Bulgarian lev","Average","NAC","1.9558",""
"2015","CZK","Czech koruna","Average","NAC","27.279",""
"2015","DKK","Danish krone","Average","NAC","7.4587",""
"2015","HRK","Croatian kuna","Average","NAC","7.61370",""
"2015","HUF","Hungarian forint","Average","NAC","310.00",""
"2015","PLN","Polish zloty","Average","NAC","4.1841",""
"2015","RON","Romanian leu","Average","NAC","4.4454",""
"2015","SEK","Swedish krona","Average","NAC","9.3535",""
"2015","CHF","Swiss franc","Average","NAC","1.0679",""
"2015","ISK","Icelandic krona","Average","NAC","146.30",""
"2015","NOK","Norwegian krone","Average","NAC","8.9496",""
"2015","GBP","Pound sterling","Average","NAC","0.72584",""
"2015","ALL","Albanian lek","Average","NAC","139.74",""
"2015","MKD","Denar (of North Macedonia)","Average","NAC","61.6110",""
"2015","RSD","Serbian dinar","Average","NAC","120.7328",""
"2015","TRY","Turkish lira","Average","NAC","3.0255",""
"2015","AED","UAE dirham","Average","NAC","4.07469",""
"2015","AFN","Afghan afghani","Average","NAC","67.97750",""
"2015","AMD","Armenian dram","Average","NAC","530.02000",""
"2015","ANG","Netherlands Antillean guilder","Average","NAC","198.70700",""
"2015","AOA","Angolan kwanza","Average","NAC","133.53767",""
"2015","ARS","Argentine peso","Average","NAC","10.2528",""
"2015","AUD","Australian dollar","Average","NAC","1.4777",""
"2015","AWG","Aruban guilder","Average","NAC","197.71300",""
"2015","AZN","Azerbaijan manat","Average","NAC","1.14880",""
"2015","BAM","Bosnia and Herzegovina convertible mark","Average","NAC","1.95583",""
"2015","BBD","Barbados dollar","Average","NAC","2.21832",""
"2015","BDT","Bangladeshi taka","Average","NAC","86.11613",""
"2015","BHD","Bahraini dinar","Average","NAC","0.41630",""
"2015","BIF","Burundi franc","Average","NAC","1,738.72193",""
"2015","BMD","Bermuda dollar","Average","NAC","1.10967",""
"2015","BND","Brunei dollar","Average","NAC","1.52403",""
"2015","BOB","Bolivian boliviano","Average","NAC","7.66368",""
"2015","BRL","Brazilian real","Average","NAC","3.7004",""
"2015","BSD","Bahamian dollar","Average","NAC","1.10298",""
"2015","BTN","Bhutan ngultrum","Average","NAC","71.18540",""
"2015","BWP","Botswana pula","Average","NAC","0.08884",""
"2015","BYN","Belarusian rouble","Average","NAC",":",""
"2015","BZD","Belize dollar","Average","NAC","2.21065",""
"2015","CAD","Canadian dollar","Average","NAC","1.4186",""
"2015","CDF","Congolese franc","Average","NAC","1,022.50691",""
"2015","CLP","Chilean peso","Average","NAC","726.05500",""
"2015","CNY","Chinese renminbi-yuan","Average","NAC","6.9733",""
"2015","COP","Colombian peso","Average","NAC","3,045.73300",""
"2015","CRC","Costa Rican colón","Average","NAC","590.75103",""
"2015","CUC","Cuban convertible peso","Average","NAC","1.10348",""
"2015","CVE","Cabo Verde escudo","Average","NAC","110.26500",""
"2015","DJF","Djibouti franc","Average","NAC","198.15900",""
"2015","DOP","Dominican peso","Average","NAC","50.06053",""
"2015","DZD","Algerian dinar","Average","NAC","111.37010",""
"2015","EGP","Egyptian pound","Average","NAC","8.55778",""
"2015","ERN","Eritrean nakfa","Average","NAC","16.92975",""
"2015","ETB","Ethiopian birr","Average","NAC","23.00202",""
"2015","FJD","Fiji dollar","Average","NAC","0.43003",""
"2015","FKP","Falkland Islands pound","Average","NAC","0.72584",""
"2015","GEL","Georgian lari","Average","NAC","2.52590",""
"2015","GHS","Ghana cedi","Average","NAC","4.15333",""
"2015","GIP","Gibraltar pound","Average","NAC","0.72584",""
"2015","GMD","Gambian dalasi","Average","NAC","46.92800",""
"2015","GNF","Guinean franc","Average","NAC","8,157.53409",""
"2015","GTQ","Guatemalan quetzal","Average","NAC","8.45820",""
"2015","GYD","Guyana dollar","Average","NAC","228.88250",""
"2015","HKD","Hong Kong dollar","Average","NAC","8.6014",""
"2015","HNL","Honduran lempira","Average","NAC","24.36015",""
"2015","HTG","Haitian gourde","Average","NAC","56.47620",""
"2015","IDR","Indonesian rupiah","Average","NAC","14,870.39",""
"2015","ILS","Israeli shekel","Average","NAC","4.3122",""
"2015","INR","Indian rupee","Average","NAC","71.1956",""
"2015","IQD","Iraqi dinar","Average","NAC","1,290.17010",""
"2015","IRR","Iranian rial","Average","NAC","32,174.00000",""
"2015","JMD","Jamaica dollar","Average","NAC","129.31201",""
"2015","JOD","Jordanian dinar","Average","NAC","0.78188",""
"2015","JPY","Japanese yen","Average","NAC","134.31",""
"2015","KES","Kenyan shilling","Average","NAC","108.91305",""
"2015","KGS","Kyrgyzstanian som","Average","NAC","71.82060",""
"2015","KHR","Cambodian riel","Average","NAC","4,509.41700",""
"2015","KMF","Comorian franc","Average","NAC","491.96775",""
"2015","KRW","South Korean won","Average","NAC","1,256.54",""
"2015","KWD","Kuwaiti dinar","Average","NAC","0.33311",""
"2015","KYD","Cayman Islands dollar","Average","NAC","0.92460",""
"2015","KZT","Kazakhstan tenge","Average","NAC","249.15000",""
"2015","LAK","Lao kip","Average","NAC","8,970.66700",""
"2015","LBP","Lebanese pound","Average","NAC","1,670.51000",""
"2015","LKR","Sri Lankan rupee","Average","NAC","151.20729",""
"2015","LRD","Liberian dollar","Average","NAC","95.35196",""
"2015","LSL","Lesotho loti","Average","NAC","14.20937",""
"2015","LYD","Libyan dinar","Average","NAC","1.52700",""
"2015","MAD","Moroccan dirham","Average","NAC","10.82340",""
"2015","MDL","Moldovan leu","Average","NAC","20.87800",""
"2015","MGA","Malagasy ariary","Average","NAC","3,260.72000",""
"2015","MMK","Myanmar kyat","Average","NAC","1,292.10000",""
"2015","MNT","Mongolian tugrik","Average","NAC","2,179.24000",""
"2015","MOP","Macau pataca","Average","NAC","8.82583",""
"2015","MRU","Mauritanian ouguiya","Average","NAC",":",""
"2015","MUR","Mauritian rupee","Average","NAC","38.91096",""
"2015","MVR","Maldive rufiyaa","Average","NAC","16.97146",""
"2015","MWK","Malawian kwacha","Average","NAC","561.49041",""
"2015","MXN","Mexican peso","Average","NAC","17.6157",""
"2015","MYR","Malaysian ringgit","Average","NAC","4.3373",""
"2015","MZN","Mozambique metical","Average","NAC","42.84900",""
"2015","NAD","Namibian dollar","Average","NAC","14.26852",""
"2015","NGN","Nigerian naira","Average","NAC","213.70589",""
"2015","NIO","Nicaraguan córdoba oro","Average","NAC","30.16196",""
"2015","NPR","Nepalese rupee","Average","NAC","113.45800",""
"2015","NZD","New Zealand dollar","Average","NAC","1.5930",""
"2015","OMR","Omani rial","Average","NAC","0.42501",""
"2015","PAB","Panamanian balboa","Average","NAC","1.10950",""
"2015","PEN","Peruvian sol","Average","NAC","3.55660",""
"2015","PGK","Papua New Guinea kina","Average","NAC","0.32232",""
"2015","PHP","Philippine peso","Average","NAC","50.522",""
"2015","PKR","Pakistani rupee","Average","NAC","113.75958",""
"2015","PYG","Paraguay guarani","Average","NAC","5,797.43900",""
"2015","QAR","Qatari riyal","Average","NAC","4.02238",""
"2015","RUB","Russian rouble","Average","NAC","68.0720",""
"2015","RWF","Rwandese franc","Average","NAC","799.55251",""
"2015","SAR","Saudi riyal","Average","NAC","4.16129",""
"2015","SBD","Solomon Islands dollar","Average","NAC","0.11450",""
"2015","SCR","Seychelles rupee","Average","NAC","14.63682",""
"2015","SDG","Sudanese pound","Average","NAC","6.66875",""
"2015","SGD","Singapore dollar","Average","NAC","1.5255",""
"2015","SHP","Saint Helena pound","Average","NAC","0.72584",""
"2015","SLL","Sierra Leonean leone","Average","NAC","5,621.90700",""
"2015","SRD","Surinamese dollar","Average","NAC","3.76570",""
"2015","SSP","South Sudanese pound","Average","NAC","3.26105",""
"2015","STN","Sao Tomé and Principe dobra","Average","NAC",":",""
"2015","SVC","Salvadorian colón","Average","NAC","9.70810",""
"2015","SYP","Syrian pound","Average","NAC","266.78200",""
"2015","SZL","Swaziland lilangeni (Eswatini)","Average","NAC","14.22447",""
"2015","THB","Thai baht","Average","NAC","38.0278",""
"2015","TJS","Tajikistani somoni","Average","NAC","6.86650",""
"2015","TMT","Turkmen manat","Average","NAC","3.87860",""
"2015","TND","Tunisian dinar","Average","NAC","2.16467",""
"2015","TOP","Tonga pa'anga","Average","NAC","0.42786",""
"2015","TTD","Trinidad and Tobago dollar","Average","NAC","7.10410",""
"2015","TWD","New Taiwan dollar","Average","NAC","35.2470",""
"2015","TZS","Tanzanian shilling","Average","NAC","2,206.36869",""
"2015","UAH","Ukraine hryvnia","Average","NAC","24.19046",""
"2015","UGX","Uganda shilling","Average","NAC","3,599.69333",""
"2015","USD","US dollar","Average","NAC","1.1095",""
"2015","UYU","Uruguayan peso","Average","NAC","30.28706",""
"2015","UZS","Uzbekistan sum","Average","NAC","2,871.14000",""
"2015","VES","Venezuelan Bolívar soberano","Average","NAC",":",""
"2015","VND","Vietnamese dong","Average","NAC","24,223.10300",""
"2015","VUV","Vanuatu vatu","Average","NAC","122.08000",""
"2015","WST","Samoan tala","Average","NAC","0.35283",""
"2015","XAF","CFA franc (BEAC)","Average","NAC","655.95700",""
"2015","XCD","East Caribbean dollar","Average","NAC","2.99848",""
"2015","XOF","CFA franc (BCEAO)","Average","NAC","655.95700",""
"2015","XPF","CFP franc (French Polynesia, New Caledonia, Wallis and Futuna)","Average","NAC","8.38000",""
"2015","YER","Yemeni rial","Average","NAC","237.39000",""
"2015","ZAR","South African rand","Average","NAC","14.1723",""
"2015","ZMW","Zambian kwacha","Average","NAC","9.69602",""
"2015","ZWL","Zimbabwe dollar","Average","NAC",":",""
"2016","BGN","Bulgarian lev","Average","NAC","1.9558",""
"2016","CZK","Czech koruna","Average","NAC","27.034",""
"2016","DKK","Danish krone","Average","NAC","7.4452",""
"2016","HRK","Croatian kuna","Average","NAC","7.53330",""
"2016","HUF","Hungarian forint","Average","NAC","311.44",""
"2016","PLN","Polish zloty","Average","NAC","4.3632",""
"2016","RON","Romanian leu","Average","NAC","4.4904",""
"2016","SEK","Swedish krona","Average","NAC","9.4689",""
"2016","CHF","Swiss franc","Average","NAC","1.0902",""
"2016","ISK","Icelandic krona","Average","NAC","133.59",""
"2016","NOK","Norwegian krone","Average","NAC","9.2906",""
"2016","GBP","Pound sterling","Average","NAC","0.81948",""
"2016","ALL","Albanian lek","Average","NAC","137.36",""
"2016","MKD","Denar (of North Macedonia)","Average","NAC","61.5955",""
"2016","RSD","Serbian dinar","Average","NAC","123.1179",""
"2016","TRY","Turkish lira","Average","NAC","3.3433",""
"2016","AED","UAE dirham","Average","NAC","4.06510",""
"2016","AFN","Afghan afghani","Average","NAC","74.41128",""
"2016","AMD","Armenian dram","Average","NAC","531.12000",""
"2016","ANG","Netherlands Antillean guilder","Average","NAC","198.45900",""
"2016","AOA","Angolan kwanza","Average","NAC","182.93512",""
"2016","ARS","Argentine peso","Average","NAC","16.3401",""
"2016","AUD","Australian dollar","Average","NAC","1.4883",""
"2016","AWG","Aruban guilder","Average","NAC","197.85500",""
"2016","AZN","Azerbaijan manat","Average","NAC","1.76640",""
"2016","BAM","Bosnia and Herzegovina convertible mark","Average","NAC","1.95583",""
"2016","BBD","Barbados dollar","Average","NAC","2.21678",""
"2016","BDT","Bangladeshi taka","Average","NAC","86.48158",""
"2016","BHD","Bahraini dinar","Average","NAC","0.41586",""
"2016","BIF","Burundi franc","Average","NAC","1,827.19102",""
"2016","BMD","Bermuda dollar","Average","NAC","1.10707",""
"2016","BND","Brunei dollar","Average","NAC","1.52788",""
"2016","BOB","Bolivian boliviano","Average","NAC","7.64668",""
"2016","BRL","Brazilian real","Average","NAC","3.8561",""
"2016","BSD","Bahamian dollar","Average","NAC","1.11105",""
"2016","BTN","Bhutan ngultrum","Average","NAC","74.33880",""
"2016","BWP","Botswana pula","Average","NAC","0.08352",""
"2016","BYN","Belarusian rouble","Average","NAC","2.20210",""
"2016","BZD","Belize dollar","Average","NAC","2.20813",""
"2016","CAD","Canadian dollar","Average","NAC","1.4659",""
"2016","CDF","Congolese franc","Average","NAC","1,123.65890",""
"2016","CLP","Chilean peso","Average","NAC","749.19200",""
"2016","CNY","Chinese renminbi-yuan","Average","NAC","7.3522",""
"2016","COP","Colombian peso","Average","NAC","3,377.23900",""
"2016","CRC","Costa Rican colón","Average","NAC","601.97454",""
"2016","CUC","Cuban convertible peso","Average","NAC","1.10184",""
"2016","CVE","Cabo Verde escudo","Average","NAC","110.26500",""
"2016","DJF","Djibouti franc","Average","NAC","197.10800",""
"2016","DOP","Dominican peso","Average","NAC","51.25846",""
"2016","DZD","Algerian dinar","Average","NAC","121.08050",""
"2016","EGP","Egyptian pound","Average","NAC","11.08392",""
"2016","ERN","Eritrean nakfa","Average","NAC","16.88286",""
"2016","ETB","Ethiopian birr","Average","NAC","24.26596",""
"2016","FJD","Fiji dollar","Average","NAC","0.43231",""
"2016","FKP","Falkland Islands pound","Average","NAC","0.81948",""
"2016","GEL","Georgian lari","Average","NAC","2.62550",""
"2016","GHS","Ghana cedi","Average","NAC","4.33432",""
"2016","GIP","Gibraltar pound","Average","NAC","0.81948",""
"2016","GMD","Gambian dalasi","Average","NAC","48.59900",""
"2016","GNF","Guinean franc","Average","NAC","9,727.79072",""
"2016","GTQ","Guatemalan quetzal","Average","NAC","8.39003",""
"2016","GYD","Guyana dollar","Average","NAC","228.59833",""
"2016","HKD","Hong Kong dollar","Average","NAC","8.5922",""
"2016","HNL","Honduran lempira","Average","NAC","25.32715",""
"2016","HTG","Haitian gourde","Average","NAC","70.25630",""
"2016","IDR","Indonesian rupiah","Average","NAC","14,720.83",""
"2016","ILS","Israeli shekel","Average","NAC","4.2489",""
"2016","INR","Indian rupee","Average","NAC","74.3717",""
"2016","IQD","Iraqi dinar","Average","NAC","1,301.60830",""
"2016","IRR","Iranian rial","Average","NAC","34,194.00000",""
"2016","JMD","Jamaica dollar","Average","NAC","137.53322",""
"2016","JOD","Jordanian dinar","Average","NAC","0.78109",""
"2016","JPY","Japanese yen","Average","NAC","120.20",""
"2016","KES","Kenyan shilling","Average","NAC","111.86713",""
"2016","KGS","Kyrgyzstanian som","Average","NAC","77.12830",""
"2016","KHR","Cambodian riel","Average","NAC","4,499.29200",""
"2016","KMF","Comorian franc","Average","NAC","491.96775",""
"2016","KRW","South Korean won","Average","NAC","1,284.18",""
"2016","KWD","Kuwaiti dinar","Average","NAC","0.33438",""
"2016","KYD","Cayman Islands dollar","Average","NAC","0.92240",""
"2016","KZT","Kazakhstan tenge","Average","NAC","378.27000",""
"2016","LAK","Lao kip","Average","NAC","8,959.04200",""
"2016","LBP","Lebanese pound","Average","NAC","1,666.27000",""
"2016","LKR","Sri Lankan rupee","Average","NAC","161.40313",""
"2016","LRD","Liberian dollar","Average","NAC","104.55196",""
"2016","LSL","Lesotho loti","Average","NAC","16.21875",""
"2016","LYD","Libyan dinar","Average","NAC","1.53597",""
"2016","MAD","Moroccan dirham","Average","NAC","10.85290",""
"2016","MDL","Moldovan leu","Average","NAC","22.05250",""
"2016","MGA","Malagasy ariary","Average","NAC","3,508.46000",""
"2016","MMK","Myanmar kyat","Average","NAC","1,369.15000",""
"2016","MNT","Mongolian tugrik","Average","NAC","2,382.89000",""
"2016","MOP","Macau pataca","Average","NAC","8.81891",""
"2016","MRU","Mauritanian ouguiya","Average","NAC",":",""
"2016","MUR","Mauritian rupee","Average","NAC","39.45850",""
"2016","MVR","Maldive rufiyaa","Average","NAC","16.95186",""
"2016","MWK","Malawian kwacha","Average","NAC","790.46389",""
"2016","MXN","Mexican peso","Average","NAC","20.6673",""
"2016","MYR","Malaysian ringgit","Average","NAC","4.5835",""
"2016","MZN","Mozambique metical","Average","NAC","69.91500",""
"2016","NAD","Namibian dollar","Average","NAC","16.17228",""
"2016","NGN","Nigerian naira","Average","NAC","279.97665",""
"2016","NIO","Nicaraguan córdoba oro","Average","NAC","31.63069",""
"2016","NPR","Nepalese rupee","Average","NAC","118.82000",""
"2016","NZD","New Zealand dollar","Average","NAC","1.5886",""
"2016","OMR","Omani rial","Average","NAC","0.42377",""
"2016","PAB","Panamanian balboa","Average","NAC","1.10690",""
"2016","PEN","Peruvian sol","Average","NAC","3.75270",""
"2016","PGK","Papua New Guinea kina","Average","NAC","0.28643",""
"2016","PHP","Philippine peso","Average","NAC","52.556",""
"2016","PKR","Pakistani rupee","Average","NAC","115.51292",""
"2016","PYG","Paraguay guarani","Average","NAC","6,279.29500",""
"2016","QAR","Qatari riyal","Average","NAC","4.01409",""
"2016","RUB","Russian rouble","Average","NAC","74.1446",""
"2016","RWF","Rwandese franc","Average","NAC","871.01622",""
"2016","SAR","Saudi riyal","Average","NAC","4.15427",""
"2016","SBD","Solomon Islands dollar","Average","NAC","0.11402",""
"2016","SCR","Seychelles rupee","Average","NAC","14.67367",""
"2016","SDG","Sudanese pound","Average","NAC","6.84374",""
"2016","SGD","Singapore dollar","Average","NAC","1.5275",""
"2016","SHP","Saint Helena pound","Average","NAC","0.81948",""
"2016","SLL","Sierra Leonean leone","Average","NAC","6,995.70800",""
"2016","SRD","Surinamese dollar","Average","NAC","7.02090",""
"2016","SSP","South Sudanese pound","Average","NAC","34.65693",""
"2016","STN","Sao Tomé and Principe dobra","Average","NAC",":",""
"2016","SVC","Salvadorian colón","Average","NAC","9.68540",""
"2016","SYP","Syrian pound","Average","NAC","517.36800",""
"2016","SZL","Swaziland lilangeni (Eswatini)","Average","NAC","16.17101",""
"2016","THB","Thai baht","Average","NAC","39.0428",""
"2016","TJS","Tajikistani somoni","Average","NAC","8.68250",""
"2016","TMT","Turkmen manat","Average","NAC","3.86960",""
"2016","TND","Tunisian dinar","Average","NAC","2.36073",""
"2016","TOP","Tonga pa'anga","Average","NAC","0.40713",""
"2016","TTD","Trinidad and Tobago dollar","Average","NAC","7.46896",""
"2016","TWD","New Taiwan dollar","Average","NAC","35.6860",""
"2016","TZS","Tanzanian shilling","Average","NAC","2,398.86619",""
"2016","UAH","Ukraine hryvnia","Average","NAC","28.31158",""
"2016","UGX","Uganda shilling","Average","NAC","3,772.07500",""
"2016","USD","US dollar","Average","NAC","1.1069",""
"2016","UYU","Uruguayan peso","Average","NAC","33.29361",""
"2016","UZS","Uzbekistan sum","Average","NAC","3,310.38000",""
"2016","VES","Venezuelan Bolívar soberano","Average","NAC",":",""
"2016","VND","Vietnamese dong","Average","NAC","24,664.90100",""
"2016","VUV","Vanuatu vatu","Average","NAC","122.34000",""
"2016","WST","Samoan tala","Average","NAC","0.35372",""
"2016","XAF","CFA franc (BEAC)","Average","NAC","655.95700",""
"2016","XCD","East Caribbean dollar","Average","NAC","2.99145",""
"2016","XOF","CFA franc (BCEAO)","Average","NAC","655.95700",""
"2016","XPF","CFP franc (French Polynesia, New Caledonia, Wallis and Futuna)","Average","NAC","8.38000",""
"2016","YER","Yemeni rial","Average","NAC","266.06100",""
"2016","ZAR","South African rand","Average","NAC","16.2645",""
"2016","ZMW","Zambian kwacha","Average","NAC","11.31048",""
"2016","ZWL","Zimbabwe dollar","Average","NAC",":",""
"2017","BGN","Bulgarian lev","Average","NAC","1.9558",""
"2017","CZK","Czech koruna","Average","NAC","26.326",""
"2017","DKK","Danish krone","Average","NAC","7.4386",""
"2017","HRK","Croatian kuna","Average","NAC","7.46370",""
"2017","HUF","Hungarian forint","Average","NAC","309.19",""
"2017","PLN","Polish zloty","Average","NAC","4.2570",""
"2017","RON","Romanian leu","Average","NAC","4.5688",""
"2017","SEK","Swedish krona","Average","NAC","9.6351",""
"2017","CHF","Swiss franc","Average","NAC","1.1117",""
"2017","ISK","Icelandic krona","Average","NAC","120.54",""
"2017","NOK","Norwegian krone","Average","NAC","9.3270",""
"2017","GBP","Pound sterling","Average","NAC","0.87667",""
"2017","ALL","Albanian lek","Average","NAC","134.15",""
"2017","MKD","Denar (of North Macedonia)","Average","NAC","61.5747",""
"2017","RSD","Serbian dinar","Average","NAC","121.3367",""
"2017","TRY","Turkish lira","Average","NAC","4.1206",""
"2017","AED","UAE dirham","Average","NAC","4.14875",""
"2017","AFN","Afghan afghani","Average","NAC","77.24143",""
"2017","AMD","Armenian dram","Average","NAC","545.83000",""
"2017","ANG","Netherlands Antillean guilder","Average","NAC","204.51300",""
"2017","AOA","Angolan kwanza","Average","NAC","185.39300",""
"2017","ARS","Argentine peso","Average","NAC","18.7417",""
"2017","AUD","Australian dollar","Average","NAC","1.4732",""
"2017","AWG","Aruban guilder","Average","NAC","203.52900",""
"2017","AZN","Azerbaijan manat","Average","NAC","1.94190",""
"2017","BAM","Bosnia and Herzegovina convertible mark","Average","NAC","1.95583",""
"2017","BBD","Barbados dollar","Average","NAC","2.28405",""
"2017","BDT","Bangladeshi taka","Average","NAC","91.84549",""
"2017","BHD","Bahraini dinar","Average","NAC","0.42857",""
"2017","BIF","Burundi franc","Average","NAC","1,968.06445",""
"2017","BMD","Bermuda dollar","Average","NAC","1.12987",""
"2017","BND","Brunei dollar","Average","NAC","1.56294",""
"2017","BOB","Bolivian boliviano","Average","NAC","7.81197",""
"2017","BRL","Brazilian real","Average","NAC","3.6054",""
"2017","BSD","Bahamian dollar","Average","NAC","1.13394",""
"2017","BTN","Bhutan ngultrum","Average","NAC","73.63960",""
"2017","BWP","Botswana pula","Average","NAC","0.08549",""
"2017","BYN","Belarusian rouble","Average","NAC","2.18620",""
"2017","BZD","Belize dollar","Average","NAC","2.27383",""
"2017","CAD","Canadian dollar","Average","NAC","1.4647",""
"2017","CDF","Congolese franc","Average","NAC","1,692.04010",""
"2017","CLP","Chilean peso","Average","NAC","732.43700",""
"2017","CNY","Chinese renminbi-yuan","Average","NAC","7.6290",""
"2017","COP","Colombian peso","Average","NAC","3,336.76400",""
"2017","CRC","Costa Rican colón","Average","NAC","645.65400",""
"2017","CUC","Cuban convertible peso","Average","NAC","1.13654",""
"2017","CVE","Cabo Verde escudo","Average","NAC","110.26500",""
"2017","DJF","Djibouti franc","Average","NAC","203.41000",""
"2017","DOP","Dominican peso","Average","NAC","54.23525",""
"2017","DZD","Algerian dinar","Average","NAC","125.30130",""
"2017","EGP","Egyptian pound","Average","NAC","20.15886",""
"2017","ERN","Eritrean nakfa","Average","NAC","17.40255",""
"2017","ETB","Ethiopian birr","Average","NAC","27.62306",""
"2017","FJD","Fiji dollar","Average","NAC","0.42709",""
"2017","FKP","Falkland Islands pound","Average","NAC","0.87667",""
"2017","GEL","Georgian lari","Average","NAC","2.84150",""
"2017","GHS","Ghana cedi","Average","NAC","4.96293",""
"2017","GIP","Gibraltar pound","Average","NAC","0.87667",""
"2017","GMD","Gambian dalasi","Average","NAC","53.21400",""
"2017","GNF","Guinean franc","Average","NAC","10,190.47115",""
"2017","GTQ","Guatemalan quetzal","Average","NAC","8.35181",""
"2017","GYD","Guyana dollar","Average","NAC","235.66667",""
"2017","HKD","Hong Kong dollar","Average","NAC","8.8045",""
"2017","HNL","Honduran lempira","Average","NAC","26.80453",""
"2017","HTG","Haitian gourde","Average","NAC","73.35980",""
"2017","IDR","Indonesian rupiah","Average","NAC","15,118.01",""
"2017","ILS","Israeli shekel","Average","NAC","4.0622",""
"2017","INR","Indian rupee","Average","NAC","73.5324",""
"2017","IQD","Iraqi dinar","Average","NAC","1,342.88260",""
"2017","IRR","Iranian rial","Average","NAC","37,982.00000",""
"2017","JMD","Jamaica dollar","Average","NAC","142.72587",""
"2017","JOD","Jordanian dinar","Average","NAC","0.80575",""
"2017","JPY","Japanese yen","Average","NAC","126.71",""
"2017","KES","Kenyan shilling","Average","NAC","117.39762",""
"2017","KGS","Kyrgyzstanian som","Average","NAC","77.92340",""
"2017","KHR","Cambodian riel","Average","NAC","4,618.29200",""
"2017","KMF","Comorian franc","Average","NAC","491.96775",""
"2017","KRW","South Korean won","Average","NAC","1,276.74",""
"2017","KWD","Kuwaiti dinar","Average","NAC","0.34508",""
"2017","KYD","Cayman Islands dollar","Average","NAC","0.94140",""
"2017","KZT","Kazakhstan tenge","Average","NAC","368.95000",""
"2017","LAK","Lao kip","Average","NAC","9,319.45800",""
"2017","LBP","Lebanese pound","Average","NAC","1,705.71000",""
"2017","LKR","Sri Lankan rupee","Average","NAC","172.51938",""
"2017","LRD","Liberian dollar","Average","NAC","129.48335",""
"2017","LSL","Lesotho loti","Average","NAC","15.06393",""
"2017","LYD","Libyan dinar","Average","NAC","1.57737",""
"2017","MAD","Moroccan dirham","Average","NAC","10.94840",""
"2017","MDL","Moldovan leu","Average","NAC","20.80890",""
"2017","MGA","Malagasy ariary","Average","NAC","3,519.24000",""
"2017","MMK","Myanmar kyat","Average","NAC","1,545.65000",""
"2017","MNT","Mongolian tugrik","Average","NAC","2,765.21000",""
"2017","MOP","Macau pataca","Average","NAC","9.13122",""
"2017","MRU","Mauritanian ouguiya","Average","NAC",":",""
"2017","MUR","Mauritian rupee","Average","NAC","39.18924",""
"2017","MVR","Maldive rufiyaa","Average","NAC","17.51518",""
"2017","MWK","Malawian kwacha","Average","NAC","824.13483",""
"2017","MXN","Mexican peso","Average","NAC","21.3286",""
"2017","MYR","Malaysian ringgit","Average","NAC","4.8527",""
"2017","MZN","Mozambique metical","Average","NAC","71.57800",""
"2017","NAD","Namibian dollar","Average","NAC","15.08456",""
"2017","NGN","Nigerian naira","Average","NAC","345.50424",""
"2017","NIO","Nicaraguan córdoba oro","Average","NAC","34.25529",""
"2017","NPR","Nepalese rupee","Average","NAC","118.13100",""
"2017","NZD","New Zealand dollar","Average","NAC","1.5897",""
"2017","OMR","Omani rial","Average","NAC","0.43650",""
"2017","PAB","Panamanian balboa","Average","NAC","1.12970",""
"2017","PEN","Peruvian sol","Average","NAC","3.69590",""
"2017","PGK","Papua New Guinea kina","Average","NAC","0.27402",""
"2017","PHP","Philippine peso","Average","NAC","56.973",""
"2017","PKR","Pakistani rupee","Average","NAC","119.22021",""
"2017","PYG","Paraguay guarani","Average","NAC","6,341.01200",""
"2017","QAR","Qatari riyal","Average","NAC","4.13880",""
"2017","RUB","Russian rouble","Average","NAC","65.9383",""
"2017","RWF","Rwandese franc","Average","NAC","941.16083",""
"2017","SAR","Saudi riyal","Average","NAC","4.27461",""
"2017","SBD","Solomon Islands dollar","Average","NAC","0.11183",""
"2017","SCR","Seychelles rupee","Average","NAC","15.54113",""
"2017","SDG","Sudanese pound","Average","NAC","7.61874",""
"2017","SGD","Singapore dollar","Average","NAC","1.5588",""
"2017","SHP","Saint Helena pound","Average","NAC","0.87667",""
"2017","SLL","Sierra Leonean leone","Average","NAC","8,338.10000",""
"2017","SRD","Surinamese dollar","Average","NAC","8.48350",""
"2017","SSP","South Sudanese pound","Average","NAC",":",""
"2017","STN","Sao Tomé and Principe dobra","Average","NAC",":",""
"2017","SVC","Salvadorian colón","Average","NAC","9.88490",""
"2017","SYP","Syrian pound","Average","NAC","568.80700",""
"2017","SZL","Swaziland lilangeni (Eswatini)","Average","NAC","15.07745",""
"2017","THB","Thai baht","Average","NAC","38.2958",""
"2017","TJS","Tajikistani somoni","Average","NAC","9.71170",""
"2017","TMT","Turkmen manat","Average","NAC","3.96110",""
"2017","TND","Tunisian dinar","Average","NAC","2.70872",""
"2017","TOP","Tonga pa'anga","Average","NAC","0.39943",""
"2017","TTD","Trinidad and Tobago dollar","Average","NAC","7.84012",""
"2017","TWD","New Taiwan dollar","Average","NAC","34.3630",""
"2017","TZS","Tanzanian shilling","Average","NAC","2,531.56839",""
"2017","UAH","Ukraine hryvnia","Average","NAC","30.05313",""
"2017","UGX","Uganda shilling","Average","NAC","4,106.15875",""
"2017","USD","US dollar","Average","NAC","1.1297",""
"2017","UYU","Uruguayan peso","Average","NAC","32.41468",""
"2017","UZS","Uzbekistan sum","Average","NAC","5,929.90000",""
"2017","VES","Venezuelan Bolívar soberano","Average","NAC",":",""
"2017","VND","Vietnamese dong","Average","NAC","25,845.54500",""
"2017","VUV","Vanuatu vatu","Average","NAC","124.48800",""
"2017","WST","Samoan tala","Average","NAC","0.34869",""
"2017","XAF","CFA franc (BEAC)","Average","NAC","655.95700",""
"2017","XCD","East Caribbean dollar","Average","NAC","3.05307",""
"2017","XOF","CFA franc (BCEAO)","Average","NAC","655.95700",""
"2017","XPF","CFP franc (French Polynesia, New Caledonia, Wallis and Futuna)","Average","NAC","8.38000",""
"2017","YER","Yemeni rial","Average","NAC","284.08300",""
"2017","ZAR","South African rand","Average","NAC","15.0490",""
"2017","ZMW","Zambian kwacha","Average","NAC","10.84753",""
"2017","ZWL","Zimbabwe dollar","Average","NAC",":",""
"2018","BGN","Bulgarian lev","Average","NAC","1.9558",""
"2018","CZK","Czech koruna","Average","NAC","25.647",""
"2018","DKK","Danish krone","Average","NAC","7.4532",""
"2018","HRK","Croatian kuna","Average","NAC","7.41820",""
"2018","HUF","Hungarian forint","Average","NAC","318.89",""
"2018","PLN","Polish zloty","Average","NAC","4.2615",""
"2018","RON","Romanian leu","Average","NAC","4.6540",""
"2018","SEK","Swedish krona","Average","NAC","10.2583",""
"2018","CHF","Swiss franc","Average","NAC","1.1550",""
"2018","ISK","Icelandic krona","Average","NAC","127.89",""
"2018","NOK","Norwegian krone","Average","NAC","9.5975",""
"2018","GBP","Pound sterling","Average","NAC","0.88471",""
"2018","ALL","Albanian lek","Average","NAC","127.59",""
"2018","MKD","Denar (of North Macedonia)","Average","NAC","61.5115",""
"2018","RSD","Serbian dinar","Average","NAC","118.2716",""
"2018","TRY","Turkish lira","Average","NAC","5.7077",""
"2018","AED","UAE dirham","Average","NAC","4.33706",""
"2018","AFN","Afghan afghani","Average","NAC","85.27130",""
"2018","AMD","Armenian dram","Average","NAC","570.42000",""
"2018","ANG","Netherlands Antillean guilder","Average","NAC","212.26100",""
"2018","AOA","Angolan kwanza","Average","NAC","303.81929",""
"2018","ARS","Argentine peso","Average","NAC","32.9115",""
"2018","AUD","Australian dollar","Average","NAC","1.5797",""
"2018","AWG","Aruban guilder","Average","NAC","211.19800",""
"2018","AZN","Azerbaijan manat","Average","NAC","2.00970",""
"2018","BAM","Bosnia and Herzegovina convertible mark","Average","NAC","1.95583",""
"2018","BBD","Barbados dollar","Average","NAC","2.36933",""
"2018","BDT","Bangladeshi taka","Average","NAC","98.27550",""
"2018","BHD","Bahraini dinar","Average","NAC","0.44454",""
"2018","BIF","Burundi franc","Average","NAC","2,105.25011",""
"2018","BMD","Bermuda dollar","Average","NAC","1.18118",""
"2018","BND","Brunei dollar","Average","NAC","1.59267",""
"2018","BOB","Bolivian boliviano","Average","NAC","8.15963",""
"2018","BRL","Brazilian real","Average","NAC","4.3085",""
"2018","BSD","Bahamian dollar","Average","NAC","1.18543",""
"2018","BTN","Bhutan ngultrum","Average","NAC","80.64380",""
"2018","BWP","Botswana pula","Average","NAC","0.08315",""
"2018","BYN","Belarusian rouble","Average","NAC","2.41130",""
"2018","BZD","Belize dollar","Average","NAC","2.35708",""
"2018","CAD","Canadian dollar","Average","NAC","1.5294",""
"2018","CDF","Congolese franc","Average","NAC","1,914.95258",""
"2018","CLP","Chilean peso","Average","NAC","755.73700",""
"2018","CNY","Chinese renminbi-yuan","Average","NAC","7.8081",""
"2018","COP","Colombian peso","Average","NAC","3,485.93100",""
"2018","CRC","Costa Rican colón","Average","NAC","681.59629",""
"2018","CUC","Cuban convertible peso","Average","NAC","1.17876",""
"2018","CVE","Cabo Verde escudo","Average","NAC","110.26500",""
"2018","DJF","Djibouti franc","Average","NAC","211.17500",""
"2018","DOP","Dominican peso","Average","NAC","59.15789",""
"2018","DZD","Algerian dinar","Average","NAC","137.64620",""
"2018","EGP","Egyptian pound","Average","NAC","21.04233",""
"2018","ERN","Eritrean nakfa","Average","NAC","18.03485",""
"2018","ETB","Ethiopian birr","Average","NAC","32.75081",""
"2018","FJD","Fiji dollar","Average","NAC","0.40522",""
"2018","FKP","Falkland Islands pound","Average","NAC","0.88471",""
"2018","GEL","Georgian lari","Average","NAC","2.99730",""
"2018","GHS","Ghana cedi","Average","NAC","5.41699",""
"2018","GIP","Gibraltar pound","Average","NAC","0.88471",""
"2018","GMD","Gambian dalasi","Average","NAC","57.12800",""
"2018","GNF","Guinean franc","Average","NAC","10,490.78895",""
"2018","GTQ","Guatemalan quetzal","Average","NAC","8.88361",""
"2018","GYD","Guyana dollar","Average","NAC","246.15542",""
"2018","HKD","Hong Kong dollar","Average","NAC","9.2559",""
"2018","HNL","Honduran lempira","Average","NAC","28.31314",""
"2018","HTG","Haitian gourde","Average","NAC","80.72980",""
"2018","IDR","Indonesian rupiah","Average","NAC","16,803.22",""
"2018","ILS","Israeli shekel","Average","NAC","4.2423",""
"2018","INR","Indian rupee","Average","NAC","80.7332",""
"2018","IQD","Iraqi dinar","Average","NAC","1,398.84830",""
"2018","IRR","Iranian rial","Average","NAC","48,406.00000",""
"2018","JMD","Jamaica dollar","Average","NAC","150.26736",""
"2018","JOD","Jordanian dinar","Average","NAC","0.83608",""
"2018","JPY","Japanese yen","Average","NAC","130.40",""
"2018","KES","Kenyan shilling","Average","NAC","119.49960",""
"2018","KGS","Kyrgyzstanian som","Average","NAC","81.38690",""
"2018","KHR","Cambodian riel","Average","NAC","4,790.00000",""
"2018","KMF","Comorian franc","Average","NAC","491.96775",""
"2018","KRW","South Korean won","Average","NAC","1,299.07",""
"2018","KWD","Kuwaiti dinar","Average","NAC","0.35651",""
"2018","KYD","Cayman Islands dollar","Average","NAC","0.98420",""
"2018","KZT","Kazakhstan tenge","Average","NAC","408.59000",""
"2018","LAK","Lao kip","Average","NAC","9,907.83300",""
"2018","LBP","Lebanese pound","Average","NAC","1,782.68000",""
"2018","LKR","Sri Lankan rupee","Average","NAC","192.19768",""
"2018","LRD","Liberian dollar","Average","NAC","170.32560",""
"2018","LSL","Lesotho loti","Average","NAC","15.60328",""
"2018","LYD","Libyan dinar","Average","NAC","1.61066",""
"2018","MAD","Moroccan dirham","Average","NAC","11.07980",""
"2018","MDL","Moldovan leu","Average","NAC","19.84000",""
"2018","MGA","Malagasy ariary","Average","NAC","3,939.56000",""
"2018","MMK","Myanmar kyat","Average","NAC","1,695.58333",""
"2018","MNT","Mongolian tugrik","Average","NAC","2,928.63000",""
"2018","MOP","Macau pataca","Average","NAC","9.53450",""
"2018","MRU","Mauritanian ouguiya","Average","NAC","42.23700",""
"2018","MUR","Mauritian rupee","Average","NAC","40.18514",""
"2018","MVR","Maldive rufiyaa","Average","NAC","18.16330",""
"2018","MWK","Malawian kwacha","Average","NAC","858.09432",""
"2018","MXN","Mexican peso","Average","NAC","22.7054",""
"2018","MYR","Malaysian ringgit","Average","NAC","4.7634",""
"2018","MZN","Mozambique metical","Average","NAC","71.35600",""
"2018","NAD","Namibian dollar","Average","NAC","15.58351",""
"2018","NGN","Nigerian naira","Average","NAC","360.97373",""
"2018","NIO","Nicaraguan córdoba oro","Average","NAC","37.26925",""
"2018","NPR","Nepalese rupee","Average","NAC","129.25400",""
"2018","NZD","New Zealand dollar","Average","NAC","1.7065",""
"2018","OMR","Omani rial","Average","NAC","0.45348",""
"2018","PAB","Panamanian balboa","Average","NAC","1.18100",""
"2018","PEN","Peruvian sol","Average","NAC","3.90330",""
"2018","PGK","Papua New Guinea kina","Average","NAC","0.25371",""
"2018","PHP","Philippine peso","Average","NAC","62.210",""
"2018","PKR","Pakistani rupee","Average","NAC","143.67229",""
"2018","PYG","Paraguay guarani","Average","NAC","6,769.14200",""
"2018","QAR","Qatari riyal","Average","NAC","4.29271",""
"2018","RUB","Russian rouble","Average","NAC","74.0416",""
"2018","RWF","Rwandese franc","Average","NAC","1,018.69492",""
"2018","SAR","Saudi riyal","Average","NAC","4.42208",""
"2018","SBD","Solomon Islands dollar","Average","NAC","0.10644",""
"2018","SCR","Seychelles rupee","Average","NAC","16.42275",""
"2018","SDG","Sudanese pound","Average","NAC","29.65702",""
"2018","SGD","Singapore dollar","Average","NAC","1.5926",""
"2018","SHP","Saint Helena pound","Average","NAC","0.88471",""
"2018","SLL","Sierra Leonean leone","Average","NAC","9,383.24500",""
"2018","SRD","Surinamese dollar","Average","NAC","8.79760",""
"2018","SSP","South Sudanese pound","Average","NAC","167.74152",""
"2018","STN","Sao Tomé and Principe dobra","Average","NAC","24.50000",""
"2018","SVC","Salvadorian colón","Average","NAC","10.33380",""
"2018","SYP","Syrian pound","Average","NAC","515.86800",""
"2018","SZL","Swaziland lilangeni (Eswatini)","Average","NAC","15.57891",""
"2018","THB","Thai baht","Average","NAC","38.1644",""
"2018","TJS","Tajikistani somoni","Average","NAC","10.81160",""
"2018","TMT","Turkmen manat","Average","NAC","4.16190",""
"2018","TND","Tunisian dinar","Average","NAC","3.10841",""
"2018","TOP","Tonga pa'anga","Average","NAC","0.37773",""
"2018","TTD","Trinidad and Tobago dollar","Average","NAC","8.16895",""
"2018","TWD","New Taiwan dollar","Average","NAC","35.5930",""
"2018","TZS","Tanzanian shilling","Average","NAC","2,675.46694",""
"2018","UAH","Ukraine hryvnia","Average","NAC","32.12282",""
"2018","UGX","Uganda shilling","Average","NAC","4,399.64333",""
"2018","USD","US dollar","Average","NAC","1.1810",""
"2018","UYU","Uruguayan peso","Average","NAC","36.23403",""
"2018","UZS","Uzbekistan sum","Average","NAC","9,528.90000",""
"2018","VES","Venezuelan Bolívar soberano","Average","NAC",":",""
"2018","VND","Vietnamese dong","Average","NAC","27,247.40100",""
"2018","VUV","Vanuatu vatu","Average","NAC","131.45900",""
"2018","WST","Samoan tala","Average","NAC","0.32973",""
"2018","XAF","CFA franc (BEAC)","Average","NAC","655.95700",""
"2018","XCD","East Caribbean dollar","Average","NAC","3.19171",""
"2018","XOF","CFA franc (BCEAO)","Average","NAC","655.95700",""
"2018","XPF","CFP franc (French Polynesia, New Caledonia, Wallis and Futuna)","Average","NAC","8.38000",""
"2018","YER","Yemeni rial","Average","NAC","294.72500",""
"2018","ZAR","South African rand","Average","NAC","15.6186",""
"2018","ZMW","Zambian kwacha","Average","NAC","12.48445",""
"2018","ZWL","Zimbabwe dollar","Average","NAC",":",""
"2019","BGN","Bulgarian lev","Average","NAC","1.9558",""
"2019","CZK","Czech koruna","Average","NAC","25.670",""
"2019","DKK","Danish krone","Average","NAC","7.4661",""
"2019","HRK","Croatian kuna","Average","NAC","7.41800",""
"2019","HUF","Hungarian forint","Average","NAC","325.30",""
"2019","PLN","Polish zloty","Average","NAC","4.2976",""
"2019","RON","Romanian leu","Average","NAC","4.7453",""
"2019","SEK","Swedish krona","Average","NAC","10.5891",""
"2019","CHF","Swiss franc","Average","NAC","1.1124",""
"2019","ISK","Icelandic krona","Average","NAC","137.28",""
"2019","NOK","Norwegian krone","Average","NAC","9.8511",""
"2019","GBP","Pound sterling","Average","NAC","0.87777",""
"2019","ALL","Albanian lek","Average","NAC","123.01",""
"2019","MKD","Denar (of North Macedonia)","Average","NAC","61.5060",""
"2019","RSD","Serbian dinar","Average","NAC","117.8524",""
"2019","TRY","Turkish lira","Average","NAC","6.3578",""
"2019","AED","UAE dirham","Average","NAC","4.11127",""
"2019","AFN","Afghan afghani","Average","NAC","86.98785",""
"2019","AMD","Armenian dram","Average","NAC","537.96000",""
"2019","ANG","Netherlands Antillean guilder","Average","NAC","201.40900",""
"2019","AOA","Angolan kwanza","Average","NAC","419.07088",""
"2019","ARS","Argentine peso","Average","NAC","53.8200",""
"2019","AUD","Australian dollar","Average","NAC","1.6109",""
"2019","AWG","Aruban guilder","Average","NAC","200.37000",""
"2019","AZN","Azerbaijan manat","Average","NAC","1.90440",""
"2019","BAM","Bosnia and Herzegovina convertible mark","Average","NAC","1.95583",""
"2019","BBD","Barbados dollar","Average","NAC","2.24747",""
"2019","BDT","Bangladeshi taka","Average","NAC","94.42380",""
"2019","BHD","Bahraini dinar","Average","NAC","0.42220",""
"2019","BIF","Burundi franc","Average","NAC","2,069.50915",""
"2019","BMD","Bermuda dollar","Average","NAC","1.11967",""
"2019","BND","Brunei dollar","Average","NAC","1.52717",""
"2019","BOB","Bolivian boliviano","Average","NAC","7.73365",""
"2019","BRL","Brazilian real","Average","NAC","4.4134",""
"2019","BSD","Bahamian dollar","Average","NAC","1.12370",""
"2019","BTN","Bhutan ngultrum","Average","NAC","78.65210",""
"2019","BWP","Botswana pula","Average","NAC","0.08310",""
"2019","BYN","Belarusian rouble","Average","NAC","2.34300",""
"2019","BZD","Belize dollar","Average","NAC","2.23890",""
"2019","CAD","Canadian dollar","Average","NAC","1.4855",""
"2019","CDF","Congolese franc","Average","NAC","1,847.96740",""
"2019","CLP","Chilean peso","Average","NAC","786.35000",""
"2019","CNY","Chinese renminbi-yuan","Average","NAC","7.7355",""
"2019","COP","Colombian peso","Average","NAC","3,674.18400",""
"2019","CRC","Costa Rican colón","Average","NAC","655.29088",""
"2019","CUC","Cuban convertible peso","Average","NAC","1.11859",""
"2019","CVE","Cabo Verde escudo","Average","NAC","110.26500",""
"2019","DJF","Djibouti franc","Average","NAC","200.17800",""
"2019","DOP","Dominican peso","Average","NAC","58.14640",""
"2019","DZD","Algerian dinar","Average","NAC","133.69530",""
"2019","EGP","Egyptian pound","Average","NAC","18.83299",""
"2019","ERN","Eritrean nakfa","Average","NAC","17.07910",""
"2019","ETB","Ethiopian birr","Average","NAC","33.00193",""
"2019","FJD","Fiji dollar","Average","NAC","0.41335",""
"2019","FKP","Falkland Islands pound","Average","NAC","0.87777",""
"2019","GEL","Georgian lari","Average","NAC","3.16200",""
"2019","GHS","Ghana cedi","Average","NAC","5.87044",""
"2019","GIP","Gibraltar pound","Average","NAC","0.87777",""
"2019","GMD","Gambian dalasi","Average","NAC","56.49100",""
"2019","GNF","Guinean franc","Average","NAC","10,296.17060",""
"2019","GTQ","Guatemalan quetzal","Average","NAC","8.62411",""
"2019","GYD","Guyana dollar","Average","NAC","234.21667",""
"2019","HKD","Hong Kong dollar","Average","NAC","8.7715",""
"2019","HNL","Honduran lempira","Average","NAC","27.54568",""
"2019","HTG","Haitian gourde","Average","NAC","100.01950",""
"2019","IDR","Indonesian rupiah","Average","NAC","15,835.27",""
"2019","ILS","Israeli shekel","Average","NAC","3.9901",""
"2019","INR","Indian rupee","Average","NAC","78.8361",""
"2019","IQD","Iraqi dinar","Average","NAC","1,327.28230",""
"2019","IRR","Iranian rial","Average","NAC","47,002.00000",""
"2019","JMD","Jamaica dollar","Average","NAC","146.99757",""
"2019","JOD","Jordanian dinar","Average","NAC","0.79385",""
"2019","JPY","Japanese yen","Average","NAC","122.01",""
"2019","KES","Kenyan shilling","Average","NAC","114.15127",""
"2019","KGS","Kyrgyzstanian som","Average","NAC","78.16040",""
"2019","KHR","Cambodian riel","Average","NAC","4,560.33300",""
"2019","KMF","Comorian franc","Average","NAC","491.96775",""
"2019","KRW","South Korean won","Average","NAC","1,305.32",""
"2019","KWD","Kuwaiti dinar","Average","NAC","0.34049",""
"2019","KYD","Cayman Islands dollar","Average","NAC","0.93290",""
"2019","KZT","Kazakhstan tenge","Average","NAC","428.91000",""
"2019","LAK","Lao kip","Average","NAC","9,744.41700",""
"2019","LBP","Lebanese pound","Average","NAC","1,688.52000",""
"2019","LKR","Sri Lankan rupee","Average","NAC","200.09174",""
"2019","LRD","Liberian dollar","Average","NAC","210.10090",""
"2019","LSL","Lesotho loti","Average","NAC","16.17091",""
"2019","LYD","Libyan dinar","Average","NAC","1.56528",""
"2019","MAD","Moroccan dirham","Average","NAC","10.76540",""
"2019","MDL","Moldovan leu","Average","NAC","19.68630",""
"2019","MGA","Malagasy ariary","Average","NAC","4,047.48000",""
"2019","MMK","Myanmar kyat","Average","NAC","1,696.95833",""
"2019","MNT","Mongolian tugrik","Average","NAC","2,985.10000",""
"2019","MOP","Macau pataca","Average","NAC","9.03971",""
"2019","MRU","Mauritanian ouguiya","Average","NAC","41.25400",""
"2019","MUR","Mauritian rupee","Average","NAC","39.79365",""
"2019","MVR","Maldive rufiyaa","Average","NAC","17.21739",""
"2019","MWK","Malawian kwacha","Average","NAC","827.72178",""
"2019","MXN","Mexican peso","Average","NAC","21.5565",""
"2019","MYR","Malaysian ringgit","Average","NAC","4.6374",""
"2019","MZN","Mozambique metical","Average","NAC","69.94800",""
"2019","NAD","Namibian dollar","Average","NAC","16.18258",""
"2019","NGN","Nigerian naira","Average","NAC","343.18268",""
"2019","NIO","Nicaraguan córdoba oro","Average","NAC","37.14094",""
"2019","NPR","Nepalese rupee","Average","NAC","125.98300",""
"2019","NZD","New Zealand dollar","Average","NAC","1.6998",""
"2019","OMR","Omani rial","Average","NAC","0.43050",""
"2019","PAB","Panamanian balboa","Average","NAC","1.11950",""
"2019","PEN","Peruvian sol","Average","NAC","3.76570",""
"2019","PGK","Papua New Guinea kina","Average","NAC","0.25944",""
"2019","PHP","Philippine peso","Average","NAC","57.985",""
"2019","PKR","Pakistani rupee","Average","NAC","168.26898",""
"2019","PYG","Paraguay guarani","Average","NAC","6,986.66900",""
"2019","QAR","Qatari riyal","Average","NAC","4.07480",""
"2019","RUB","Russian rouble","Average","NAC","72.4553",""
"2019","RWF","Rwandese franc","Average","NAC","1,008.39527",""
"2019","SAR","Saudi riyal","Average","NAC","4.19373",""
"2019","SBD","Solomon Islands dollar","Average","NAC","0.10934",""
"2019","SCR","Seychelles rupee","Average","NAC","15.70198",""
"2019","SDG","Sudanese pound","Average","NAC","51.21541",""
"2019","SGD","Singapore dollar","Average","NAC","1.5273",""
"2019","SHP","Saint Helena pound","Average","NAC","0.87777",""
"2019","SLL","Sierra Leonean leone","Average","NAC","10,131.33800",""
"2019","SRD","Surinamese dollar","Average","NAC","8.33250",""
"2019","SSP","South Sudanese pound","Average","NAC","176.96693",""
"2019","STN","Sao Tomé and Principe dobra","Average","NAC","24.50000",""
"2019","SVC","Salvadorian colón","Average","NAC","9.79560",""
"2019","SYP","Syrian pound","Average","NAC","488.90400",""
"2019","SZL","Swaziland lilangeni (Eswatini)","Average","NAC","16.19535",""
"2019","THB","Thai baht","Average","NAC","34.7569",""
"2019","TJS","Tajikistani somoni","Average","NAC","10.67430",""
"2019","TMT","Turkmen manat","Average","NAC","3.91830",""
"2019","TND","Tunisian dinar","Average","NAC","3.27374",""
"2019","TOP","Tonga pa'anga","Average","NAC","0.38964",""
"2019","TTD","Trinidad and Tobago dollar","Average","NAC","7.77438",""
"2019","TWD","New Taiwan dollar","Average","NAC","34.6070",""
"2019","TZS","Tanzanian shilling","Average","NAC","2,558.51966",""
"2019","UAH","Ukraine hryvnia","Average","NAC","28.91919",""
"2019","UGX","Uganda shilling","Average","NAC","4,138.42499",""
"2019","USD","US dollar","Average","NAC","1.1195",""
"2019","UYU","Uruguayan peso","Average","NAC","39.45985",""
"2019","UZS","Uzbekistan sum","Average","NAC","9,907.42000",""
"2019","VES","Venezuelan Bolívar soberano","Average","NAC","17,653.52914",""
"2019","VND","Vietnamese dong","Average","NAC","26,226.57100",""
"2019","VUV","Vanuatu vatu","Average","NAC","129.78500",""
"2019","WST","Samoan tala","Average","NAC","0.33756",""
"2019","XAF","CFA franc (BEAC)","Average","NAC","655.95700",""
"2019","XCD","East Caribbean dollar","Average","NAC","3.02550",""
"2019","XOF","CFA franc (BCEAO)","Average","NAC","655.95700",""
"2019","XPF","CFP franc (French Polynesia, New Caledonia, Wallis and Futuna)","Average","NAC","8.38000",""
"2019","YER","Yemeni rial","Average","NAC","280.17800",""
"2019","ZAR","South African rand","Average","NAC","16.1757",""
"2019","ZMW","Zambian kwacha","Average","NAC","14.54556",""
"2019","ZWL","Zimbabwe dollar","Average","NAC","10.51168",""
"2020","BGN","Bulgarian lev","Average","NAC","1.9558",""
"2020","CZK","Czech koruna","Average","NAC","26.455",""
"2020","DKK","Danish krone","Average","NAC","7.4542",""
"2020","HRK","Croatian kuna","Average","NAC","7.53840",""
"2020","HUF","Hungarian forint","Average","NAC","351.25",""
"2020","PLN","Polish zloty","Average","NAC","4.4430",""
"2020","RON","Romanian leu","Average","NAC","4.8383",""
"2020","SEK","Swedish krona","Average","NAC","10.4848",""
"2020","CHF","Swiss franc","Average","NAC","1.0705",""
"2020","ISK","Icelandic krona","Average","NAC","154.59",""
"2020","NOK","Norwegian krone","Average","NAC","10.7228",""
"2020","GBP","Pound sterling","Average","NAC","0.88970",""
"2020","ALL","Albanian lek","Average","NAC","123.77",""
"2020","MKD","Denar (of North Macedonia)","Average","NAC","61.6751",""
"2020","RSD","Serbian dinar","Average","NAC","117.5777",""
"2020","TRY","Turkish lira","Average","NAC","8.0547",""
"2020","AED","UAE dirham","Average","NAC","4.19472",""
"2020","AFN","Afghan afghani","Average","NAC","86.89766",""
"2020","AMD","Armenian dram","Average","NAC","560.98000",""
"2020","ANG","Netherlands Antillean guilder","Average","NAC","206.34500",""
"2020","AOA","Angolan kwanza","Average","NAC","669.78112",""
"2020","ARS","Argentine peso","Average","NAC","80.7682",""
"2020","AUD","Australian dollar","Average","NAC","1.6549",""
"2020","AWG","Aruban guilder","Average","NAC","205.30600",""
"2020","AZN","Azerbaijan manat","Average","NAC","1.94540",""
"2020","BAM","Bosnia and Herzegovina convertible mark","Average","NAC","1.95583",""
"2020","BBD","Barbados dollar","Average","NAC","2.30448",""
"2020","BDT","Bangladeshi taka","Average","NAC","97.09759",""
"2020","BHD","Bahraini dinar","Average","NAC","0.43179",""
"2020","BIF","Burundi franc","Average","NAC","2,199.24261",""
"2020","BMD","Bermuda dollar","Average","NAC","1.14237",""
"2020","BND","Brunei dollar","Average","NAC","1.57996",""
"2020","BOB","Bolivian boliviano","Average","NAC","7.89576",""
"2020","BRL","Brazilian real","Average","NAC","5.8943",""
"2020","BSD","Bahamian dollar","Average","NAC","1.14648",""
"2020","BTN","Bhutan ngultrum","Average","NAC","84.64170",""
"2020","BWP","Botswana pula","Average","NAC","0.07643",""
"2020","BYN","Belarusian rouble","Average","NAC","2.80800",""
"2020","BZD","Belize dollar","Average","NAC","2.29260",""
"2020","CAD","Canadian dollar","Average","NAC","1.5300",""
"2020","CDF","Congolese franc","Average","NAC","2,131.43740",""
"2020","CLP","Chilean peso","Average","NAC","902.67900",""
"2020","CNY","Chinese renminbi-yuan","Average","NAC","7.8747",""
"2020","COP","Colombian peso","Average","NAC","4,216.58800",""
"2020","CRC","Costa Rican colón","Average","NAC","674.97518",""
"2020","CUC","Cuban convertible peso","Average","NAC","1.14522",""
"2020","CVE","Cabo Verde escudo","Average","NAC","110.26500",""
"2020","DJF","Djibouti franc","Average","NAC","205.05100",""
"2020","DOP","Dominican peso","Average","NAC","65.51439",""
"2020","DZD","Algerian dinar","Average","NAC","144.83",""
"2020","EGP","Egyptian pound","Average","NAC","18.07",""
"2020","ERN","Eritrean nakfa","Average","NAC","17.46760",""
"2020","ETB","Ethiopian birr","Average","NAC","40.81503",""
"2020","FJD","Fiji dollar","Average","NAC","0.40332",""
"2020","FKP","Falkland Islands pound","Average","NAC","0.88970",""
"2020","GEL","Georgian lari","Average","NAC","3.57130",""
"2020","GHS","Ghana cedi","Average","NAC","6.44266",""
"2020","GIP","Gibraltar pound","Average","NAC","0.88970",""
"2020","GMD","Gambian dalasi","Average","NAC","58.26300",""
"2020","GNF","Guinean franc","Average","NAC","10,965.58818",""
"2020","GTQ","Guatemalan quetzal","Average","NAC","8.86799",""
"2020","GYD","Guyana dollar","Average","NAC","239.76208",""
"2020","HKD","Hong Kong dollar","Average","NAC","8.8587",""
"2020","HNL","Honduran lempira","Average","NAC","28.26021",""
"2020","HTG","Haitian gourde","Average","NAC","106.23640",""
"2020","IDR","Indonesian rupiah","Average","NAC","16,627.37",""
"2020","ILS","Israeli shekel","Average","NAC","3.9258",""
"2020","INR","Indian rupee","Average","NAC","84.6392",""
"2020","IQD","Iraqi dinar","Average","NAC","1,386.15390",""
"2020","IRR","Iranian rial","Average","NAC","48,188.00000",""
"2020","JMD","Jamaica dollar","Average","NAC","162.29842",""
"2020","JOD","Jordanian dinar","Average","NAC","0.81194",""
"2020","JPY","Japanese yen","Average","NAC","121.85",""
"2020","KES","Kenyan shilling","Average","NAC","122.13321",""
"2020","KGS","Kyrgyzstanian som","Average","NAC","88.67400",""
"2020","KHR","Cambodian riel","Average","NAC","4,707.12500",""
"2020","KMF","Comorian franc","Average","NAC","491.96775",""
"2020","KRW","South Korean won","Average","NAC","1,345.58",""
"2020","KWD","Kuwaiti dinar","Average","NAC","0.35163",""
"2020","KYD","Cayman Islands dollar","Average","NAC","0.95180",""
"2020","KZT","Kazakhstan tenge","Average","NAC","474.42000",""
"2020","LAK","Lao kip","Average","NAC","10,432.33300",""
"2020","LBP","Lebanese pound","Average","NAC","1,724.92000",""
"2020","LKR","Sri Lankan rupee","Average","NAC","212.48472",""
"2020","LRD","Liberian dollar","Average","NAC","218.21885",""
"2020","LSL","Lesotho loti","Average","NAC","18.87604",""
"2020","LYD","Libyan dinar","Average","NAC","1.58599",""
"2020","MAD","Moroccan dirham","Average","NAC","10.84",""
"2020","MDL","Moldovan leu","Average","NAC","19.77400",""
"2020","MGA","Malagasy ariary","Average","NAC","4,330.03000",""
"2020","MMK","Myanmar kyat","Average","NAC","1,566.12500",""
"2020","MNT","Mongolian tugrik","Average","NAC","3,234.16000",""
"2020","MOP","Macau pataca","Average","NAC","9.17513",""
"2020","MRU","Mauritanian ouguiya","Average","NAC","42.68000",""
"2020","MUR","Mauritian rupee","Average","NAC","45.18198",""
"2020","MVR","Maldive rufiyaa","Average","NAC","17.64149",""
"2020","MWK","Malawian kwacha","Average","NAC","856.23117",""
"2020","MXN","Mexican peso","Average","NAC","24.5194",""
"2020","MYR","Malaysian ringgit","Average","NAC","4.7959",""
"2020","MZN","Mozambique metical","Average","NAC","80.45600",""
"2020","NAD","Namibian dollar","Average","NAC","18.90254",""
"2020","NGN","Nigerian naira","Average","NAC","409.52884",""
"2020","NIO","Nicaraguan córdoba oro","Average","NAC","39.44819",""
"2020","NPR","Nepalese rupee","Average","NAC","135.98800",""
"2020","NZD","New Zealand dollar","Average","NAC","1.7561",""
"2020","OMR","Omani rial","Average","NAC","0.44060",""
"2020","PAB","Panamanian balboa","Average","NAC","1.14220",""
"2020","PEN","Peruvian sol","Average","NAC","4.03010",""
"2020","PGK","Papua New Guinea kina","Average","NAC","0.24516",""
"2020","PHP","Philippine peso","Average","NAC","56.615",""
"2020","PKR","Pakistani rupee","Average","NAC","185.68458",""
"2020","PYG","Paraguay guarani","Average","NAC","7,762.46000",""
"2020","QAR","Qatari riyal","Average","NAC","4.17508",""
"2020","RUB","Russian rouble","Average","NAC","82.7248",""
"2020","RWF","Rwandese franc","Average","NAC","1,081.07405",""
"2020","SAR","Saudi riyal","Average","NAC","4.29532",""
"2020","SBD","Solomon Islands dollar","Average","NAC","0.10634",""
"2020","SCR","Seychelles rupee","Average","NAC","20.58550",""
"2020","SDG","Sudanese pound","Average","NAC","62.58005",""
"2020","SGD","Singapore dollar","Average","NAC","1.5742",""
"2020","SHP","Saint Helena pound","Average","NAC","0.88970",""
"2020","SLL","Sierra Leonean leone","Average","NAC","11,262.14100",""
"2020","SRD","Surinamese dollar","Average","NAC","11.19730",""
"2020","SSP","South Sudanese pound","Average","NAC","195.25273",""
"2020","STN","Sao Tomé and Principe dobra","Average","NAC","24.50000",""
"2020","SVC","Salvadorian colón","Average","NAC","9.99430",""
"2020","SYP","Syrian pound","Average","NAC","1,482.23100",""
"2020","SZL","Swaziland lilangeni (Eswatini)","Average","NAC","18.92671",""
"2020","THB","Thai baht","Average","NAC","35.7081",""
"2020","TJS","Tajikistani somoni","Average","NAC","11.83780",""
"2020","TMT","Turkmen manat","Average","NAC","4.00210",""
"2020","TND","Tunisian dinar","Average","NAC","3.20708",""
"2020","TOP","Tonga pa'anga","Average","NAC","0.37868",""
"2020","TTD","Trinidad and Tobago dollar","Average","NAC","8.04312",""
"2020","TWD","New Taiwan dollar","Average","NAC","33.7380",""
"2020","TZS","Tanzanian shilling","Average","NAC","2,630.49643",""
"2020","UAH","Ukraine hryvnia","Average","NAC","30.90901",""
"2020","UGX","Uganda shilling","Average","NAC","4,248.39313",""
"2020","USD","US dollar","Average","NAC","1.1422",""
"2020","UYU","Uruguayan peso","Average","NAC","48.05369",""
"2020","UZS","Uzbekistan sum","Average","NAC","11,507.02000",""
"2020","VES","Venezuelan Bolívar soberano","Average","NAC","443,871.83198",""
"2020","VND","Vietnamese dong","Average","NAC","26,765.21800",""
"2020","VUV","Vanuatu vatu","Average","NAC","132.91100",""
"2020","WST","Samoan tala","Average","NAC","0.32805",""
"2020","XAF","CFA franc (BEAC)","Average","NAC","655.95700",""
"2020","XCD","East Caribbean dollar","Average","NAC","3.08685",""
"2020","XOF","CFA franc (BCEAO)","Average","NAC","655.95700",""
"2020","XPF","CFP franc (French Polynesia, New Caledonia, Wallis and Futuna)","Average","NAC","8.38000",""
"2020","YER","Yemeni rial","Average","NAC","286.67200",""
"2020","ZAR","South African rand","Average","NAC","18.7655",""
"2020","ZMW","Zambian kwacha","Average","NAC","21.42678",""
"2020","ZWL","Zimbabwe dollar","Average","NAC","63.77682",""
