avatar,handle,followers
http://pbs.twimg.com/profile_images/1329647526807543809/2SGvnHYV_200x200.jpg,BarackObama,129.6M
http://pbs.twimg.com/profile_images/1365346288657715201/lRfQRoWl_200x200.jpg,justinbieber,113.9M
http://pbs.twimg.com/profile_images/1157313327867092993/a09TxL_1_200x200.jpg,Cristiano,92.2M
http://pbs.twimg.com/profile_images/874276197357596672/kUuht00m_200x200.jpg,realDonaldTrump,88.6M
http://pbs.twimg.com/profile_images/1400245545281544199/yvGE8sk4_200x200.jpg,ladygaga,83.6M
http://pbs.twimg.com/profile_images/1348306132125839360/5dBpeAGj_200x200.jpg,ArianaGrande,83.3M
http://pbs.twimg.com/profile_images/1398259947847233538/JXNWY7iv_200x200.jpg,YouTube,72.8M
http://pbs.twimg.com/profile_images/1282057272357683201/hm0ianWU_200x200.jpg,KimKardashian,69.6M
http://pbs.twimg.com/profile_images/1249934092994375680/xX66NSZP_200x200.jpg,narendramodi,68.9M
http://pbs.twimg.com/profile_images/1354479643882004483/Btnfm47p_200x200.jpg,Twitter,59.2M
http://pbs.twimg.com/profile_images/1403502766538981378/k8lgEJYY_200x200.jpg,elonmusk,57M
http://pbs.twimg.com/profile_images/988775660163252226/XpgonN0X_200x200.jpg,BillGates,55M
http://pbs.twimg.com/profile_images/1371667741464088580/BzjMQLkR_200x200.jpg,ddlovato,54.8M
http://pbs.twimg.com/profile_images/1098244578472280064/gjkVMelR_200x200.png,nytimes,49.9M
http://pbs.twimg.com/profile_images/1150716997254209536/M7gkjsv5_200x200.jpg,BBCBreaking,47.8M
http://pbs.twimg.com/profile_images/1321163587679784960/0ZxKlEKB_200x200.jpg,NASA,46.9M
http://pbs.twimg.com/profile_images/1262261228652675072/Pl_u58Pb_200x200.jpg,SrBachchan,45.7M
http://pbs.twimg.com/profile_images/1134090740592627712/0Fp-U5-p_200x200.png,PMOIndia,42.6M
http://pbs.twimg.com/profile_images/1268824832424022017/vUx5TGw7_200x200.jpg,BeingSalmanKhan,42.5M
http://pbs.twimg.com/profile_images/1393451192261304320/bKUpXvlc_200x200.jpg,imVkohli,42.5M
http://pbs.twimg.com/profile_images/1318511011117199362/htNsviXp_200x200.jpg,iamsrk,41.8M
http://pbs.twimg.com/profile_images/1263033005758545921/4K0V7QQi_200x200.jpg,akshaykumar,41.5M
http://pbs.twimg.com/profile_images/1395858482553757696/9_2OqRnn_200x200.jpg,KylieJenner,38.6M
http://pbs.twimg.com/profile_images/1369205516417830921/ahm2iuOc_200x200.jpg,FCBarcelona,36.9M
http://pbs.twimg.com/profile_images/1398309785217519620/8IoaIlX3_200x200.jpg,wizkhalifa,36.3M
http://pbs.twimg.com/profile_images/1392725496949985280/HFSIv0dr_200x200.jpg,sachin_rt,35.5M
http://pbs.twimg.com/profile_images/1073607078109949957/74oimLX4_200x200.jpg,ChampionsLeague,35M
http://pbs.twimg.com/profile_images/1044693697533804546/Z2MiD-wP_200x200.jpg,LilTunechi,34.8M
http://pbs.twimg.com/profile_images/1403911179031003139/lppY5IL7_200x200.jpg,NBA,33.5M
http://pbs.twimg.com/profile_images/859982100904148992/hv5soju7_200x200.jpg,POTUS,33.4M
http://pbs.twimg.com/profile_images/1387771395275436050/hohwSjOu_200x200.jpg,Pink,31.6M
http://pbs.twimg.com/profile_images/1166471091663122433/5ULjGFJS_200x200.jpg,iHrithik,30.5M
http://pbs.twimg.com/profile_images/1396517028400275467/0iry9dcD_200x200.jpg,khloekardashian,29.3M
http://pbs.twimg.com/profile_images/1344886403444817920/uvBOq5Wc_200x200.jpg,deepikapadukone,27.7M
http://pbs.twimg.com/profile_images/1403400684226052098/ZJ4cQ2Bb_200x200.jpg,priyankachopra,27.2M
http://pbs.twimg.com/profile_images/1399696850798710786/09t5pXh8_200x200.jpg,NFL,26.7M
http://pbs.twimg.com/profile_images/1059888693945630720/yex0Gcbi_200x200.jpg,WhiteHouse,26M
http://pbs.twimg.com/profile_images/1180491411172413440/AunoqDQW_200x200.jpg,AmitShah,26M
http://pbs.twimg.com/profile_images/1394336986480234500/_V4lmg8r_200x200.jpg,ManUtd,25.7M
http://pbs.twimg.com/profile_images/1209988634184581120/Bu95OE_R_200x200.jpg,arrahman,23.7M
http://pbs.twimg.com/profile_images/1389264116502704131/arWiuiOR_200x200.jpg,coldplay,23M
http://pbs.twimg.com/profile_images/945853608389574656/REH_LpUJ_200x200.jpg,ArvindKejriwal,22.6M
http://pbs.twimg.com/profile_images/1397933191344791560/ovmcd_a0_200x200.jpg,AnushkaSharma,22.4M
http://pbs.twimg.com/profile_images/1395354312809668608/s2haWHgC_200x200.jpg,NICKIMINAJ,22.3M
http://pbs.twimg.com/profile_images/1025374083595350022/9nKlG5Nm_200x200.jpg,virendersehwag,22M
http://pbs.twimg.com/profile_images/1335939208595329025/6pVApHxk_200x200.jpg,davidguetta,20.4M
http://pbs.twimg.com/profile_images/1402395088358084615/y-As1wLd_200x200.jpg,ricky_martin,20.3M
http://pbs.twimg.com/profile_images/1306500843370291201/UcZ0X5be_200x200.jpg,BigHitEnt,19.9M
http://pbs.twimg.com/profile_images/1162394412845944832/iruV4hUN_200x200.jpg,SnoopDogg,19.2M
http://pbs.twimg.com/profile_images/1394646637004431361/43eyqnqr_200x200.jpg,RahulGandhi,19M
http://pbs.twimg.com/profile_images/767862037921738752/79mqV-6l_200x200.jpg,ImRo45,19M
http://pbs.twimg.com/profile_images/971415515754266624/zCX0q9d5_200x200.jpg,WSJ,18.8M
http://pbs.twimg.com/profile_images/1391568743822675970/C0JGWa2I_200x200.jpg,ImRaina,18.8M
http://pbs.twimg.com/profile_images/1393266292547678210/ILl9nC7E_200x200.jpg,AnupamPKher,18.7M
http://pbs.twimg.com/profile_images/1377062766314467332/2hyqngJz_200x200.jpg,KamalaHarris,18.5M
http://pbs.twimg.com/profile_images/1152215560869953536/mSjwFhbF_200x200.jpg,KapilSharmaK9,18.1M
http://pbs.twimg.com/profile_images/1299844050208555008/7wMQaJRA_200x200.jpg,VancityReynolds,17.7M
http://pbs.twimg.com/profile_images/1396789227820572672/TYF9d1NE_200x200.jpg,Arsenal,17.5M
http://pbs.twimg.com/profile_images/1389476794533924864/QQUYKvAX_200x200.png,LFC,17.4M
http://pbs.twimg.com/profile_images/1368797276907302913/ZdE0r0Zu_200x200.jpg,karanjohar,17.2M
http://pbs.twimg.com/profile_images/1082744382585856001/rH_k3PtQ_200x200.jpg,SpaceX,17.2M
http://pbs.twimg.com/profile_images/1401916430937903109/N4C38Y2F_200x200.jpg,ChelseaFC,17.1M
http://pbs.twimg.com/profile_images/1106672424605630465/IC9ipKIt_200x200.png,Forbes,16.9M
http://pbs.twimg.com/profile_images/1401006308367667201/AVch0osP_200x200.jpg,MTV,16.7M
http://pbs.twimg.com/profile_images/1082358814819536896/19QbYCgF_200x200.jpg,ABC,16.6M
http://pbs.twimg.com/profile_images/848946510918295557/RmsOl1zv_200x200.jpg,FLOTUS,16.4M
http://pbs.twimg.com/profile_images/1353806309397655553/0zEtkDvx_200x200.jpg,RobertDowneyJr,16.4M
http://pbs.twimg.com/profile_images/812531108092874753/frVON4bm_200x200.jpg,BJP4India,16.2M
http://pbs.twimg.com/profile_images/570440108424171520/QuGYd7jH_200x200.png,ndtv,15.7M
http://pbs.twimg.com/profile_images/1327534044695859201/T_EQP686_200x200.jpg,juniorbachchan,15.4M
http://pbs.twimg.com/profile_images/1262705213837725696/4sWrMaPa_200x200.jpg,shahidkapoor,15.3M
http://pbs.twimg.com/profile_images/3478244961/01ebfc40ecc194a2abc81e82ab877af4_200x200.jpeg,TheRock,15.2M
http://pbs.twimg.com/profile_images/461964160838803457/8z9FImcv_200x200.png,AP,15.2M
http://pbs.twimg.com/profile_images/1362891881730899968/DwKFmGKN_200x200.jpg,RyanSeacrest,15.1M
http://pbs.twimg.com/profile_images/1296059958459416577/mEtP0MTl_200x200.jpg,Asli_Jacqueline,15.1M
http://pbs.twimg.com/profile_images/378800000828197225/f1d53aeab8f0534c7d73b0fbd5651130_200x200.png,arunjaitley,14.9M
http://pbs.twimg.com/profile_images/1323550440571559936/Sa5crqyr_200x200.jpg,BCCI,14.5M
http://pbs.twimg.com/profile_images/1242859192303505408/8yGwwtxs_200x200.jpg,BigSean,14.3M
http://pbs.twimg.com/profile_images/1394999909150076933/RWsOtC3n_200x200.jpg,nickjonas,14.3M
http://pbs.twimg.com/profile_images/1380474232258240521/ODuoj6j5_200x200.jpg,ajaydevgn,14.3M
http://pbs.twimg.com/profile_images/1323749922005524485/LjJsuyU4_200x200.jpg,UN,14M
http://pbs.twimg.com/profile_images/921303478684790784/FLIFCZxh_200x200.jpg,rashtrapatibhvn,13.9M
http://pbs.twimg.com/profile_images/1257200125417451520/b4SrAMNH_200x200.jpg,johnlegend,13.9M
http://pbs.twimg.com/profile_images/1337073272492417024/fmOEGE1d_200x200.jpg,RanveerOfficial,13.9M
http://pbs.twimg.com/profile_images/1341671435635310592/p4vUY-nx_200x200.jpg,ShraddhaKapoor,13.9M
http://pbs.twimg.com/profile_images/1162267138842755075/zxLifsgg_200x200.jpg,ImranKhanPTI,13.8M
http://pbs.twimg.com/profile_images/1129666669054324736/1W_E72cn_200x200.png,timesofindia,13.6M
http://pbs.twimg.com/profile_images/1395254075285860354/LG45JNi8_200x200.jpg,aajtak,13.5M
http://pbs.twimg.com/profile_images/1154314010252206080/eAG6xnof_200x200.jpg,CHANEL,13.2M
http://pbs.twimg.com/profile_images/1145948449193566208/SvvELvMl_200x200.jpg,sonamakapoor,13.2M
http://pbs.twimg.com/profile_images/1350834733844979713/U2MJfZ9C_200x200.jpg,JohnCena,13M
http://pbs.twimg.com/profile_images/923274881197895680/AbHcStkl_200x200.jpg,AOC,12.7M
http://pbs.twimg.com/profile_images/1181229626284265472/Rh8wrrvO_200x200.jpg,rogerfederer,12.7M
http://pbs.twimg.com/profile_images/1401562839614210052/yo9BeNMD_200x200.jpg,Benzema,12.6M
http://pbs.twimg.com/profile_images/926050400062631936/Rvynw19f_200x200.jpg,cnni,12.4M
http://pbs.twimg.com/profile_images/1385257271618424834/Q9c3hBfO_200x200.jpg,Camila_Cabello,12.3M
http://pbs.twimg.com/profile_images/1150718511129477120/2N_GW7HR_200x200.png,BBCNews,12.3M
http://pbs.twimg.com/profile_images/1284435976031526913/mv3-EtpJ_200x200.jpg,realmadriden,12.2M
http://pbs.twimg.com/profile_images/794619281271033856/Fs0QQaH7_200x200.jpg,SenSanders,12.2M
http://pbs.twimg.com/profile_images/1235992718171467776/PaX2Bz1S_200x200.jpg,netflix,12.1M
http://pbs.twimg.com/profile_images/1148230318911963136/QO3WaOWg_200x200.jpg,KrisJenner,11.9M
http://pbs.twimg.com/profile_images/1363476347419516930/WCb68D4S_200x200.jpg,Varun_dvn,11.9M
http://pbs.twimg.com/profile_images/1380530524779859970/TfwVAbyX_200x200.jpg,POTUS,11.8M
http://pbs.twimg.com/profile_images/1291956331440533505/mrMk3Ygz_200x200.jpg,smritiirani,11.7M
http://pbs.twimg.com/profile_images/1303834216187047936/HL6Gotwt_200x200.jpg,enews,11.7M
http://pbs.twimg.com/profile_images/573984336271122432/k8vEBoCW_200x200.jpeg,Marvel,11.6M
http://pbs.twimg.com/profile_images/1282941458471780352/V4V5vjpc_200x200.jpg,urstrulyMahesh,11.5M
http://pbs.twimg.com/profile_images/1399017661372125193/LlI8IuFv_200x200.jpg,weareoneEXO,11.4M
http://pbs.twimg.com/profile_images/1340324673788121093/8ZAm4Oij_200x200.jpg,ABPNews,11.4M
http://pbs.twimg.com/profile_images/1383079031805972485/3sWoMX-R_200x200.jpg,WWE,11.4M
http://pbs.twimg.com/profile_images/1362864450580045826/NCEAWnDR_200x200.jpg,harbhajan_singh,11.2M
http://pbs.twimg.com/profile_images/888341664590331904/zTwHj7D7_200x200.jpg,SimonCowell,11M
http://pbs.twimg.com/profile_images/1374998943126392834/iDLAYwMu_200x200.jpg,rustyrockets,11M
http://pbs.twimg.com/profile_images/1397994684127928324/ypgKjtQL_200x200.jpg,Riteishd,10.9M
http://pbs.twimg.com/profile_images/1380657780865044480/BBxmnji2_200x200.jpg,VP,10.6M
http://pbs.twimg.com/profile_images/1374592512678113280/nj-zDsJs_200x200.jpg,HHShkMohd,10.6M
http://pbs.twimg.com/profile_images/1326823978174910465/lBQbS0ZX_200x200.jpg,Swamy39,10.4M
http://pbs.twimg.com/profile_images/951600999902281728/s-3S8iBE_200x200.jpg,VP,10.4M
http://pbs.twimg.com/profile_images/1054179226100908032/i5ZXfFdE_200x200.jpg,IvankaTrump,10.2M
http://pbs.twimg.com/profile_images/421377161/azizlittletwitter_200x200.jpg,azizansari,10.2M
http://pbs.twimg.com/profile_images/1242114357682515971/x6zWYqzZ_200x200.jpg,PiyushGoyal,10.1M
http://pbs.twimg.com/profile_images/1395000133020966914/CQU2TYwU_200x200.jpg,joejonas,10.1M
http://pbs.twimg.com/profile_images/1096066608034918401/m8wnTWsX_200x200.png,TechCrunch,10.1M
http://pbs.twimg.com/profile_images/1045701464008445952/ISpC7Eqm_200x200.jpg,JoelOsteen,10.1M
http://pbs.twimg.com/profile_images/1403359710980546563/f8pKMXlh_200x200.jpg,GalatasaraySK,10M
http://pbs.twimg.com/profile_images/1354074536925388802/qkHhpnVw_200x200.jpg,TimesNow,10M
http://pbs.twimg.com/profile_images/1339132670169804801/SeYDEWVq_200x200.jpg,ManCity,10M
http://pbs.twimg.com/profile_images/1400702922296500226/vMNJnlxa_200x200.jpg,Lakers,9.9M
http://pbs.twimg.com/profile_images/1310656963223584768/hr40_0pb_200x200.png,AppleMusic,9.9M
http://pbs.twimg.com/profile_images/1270317975979999234/yYa_bTz0_200x200.jpg,SidMalhotra,9.8M
http://pbs.twimg.com/profile_images/1175141826870861825/K2qKoGla_200x200.png,guardian,9.7M
http://pbs.twimg.com/profile_images/925281250792824832/dfj3nYUe_200x200.jpg,SMTOWNGLOBAL,9.5M
http://pbs.twimg.com/profile_images/566067459875024896/8iwycwrc_200x200.jpeg,Caradelevingne,9.5M
http://pbs.twimg.com/profile_images/875476478988886016/_l61qZdR_200x200.jpg,WHO,9.4M
http://pbs.twimg.com/profile_images/817042499134980096/LTpqSDMM_200x200.jpg,lemondefr,9.2M
http://pbs.twimg.com/profile_images/1284197940551196672/0Hd4EQmT_200x200.jpg,realmadridarab,9.2M
http://pbs.twimg.com/profile_images/3127745865/dd05f22753691b28ce2a8884ccf9e6cf_200x200.jpeg,KingSalman,9.1M
http://pbs.twimg.com/profile_images/1398017185424056328/1wlSGR_B_200x200.jpg,Discovery,9M
http://pbs.twimg.com/profile_images/1403591493751914500/qD-iaohQ_200x200.jpg,MLB,9M
http://pbs.twimg.com/profile_images/1226890596280885248/qdLQ8M7i_200x200.png,NewYorker,9M
http://pbs.twimg.com/profile_images/1318858946216603649/mbGIkArd_200x200.jpg,Guaje7Villa,9M
http://pbs.twimg.com/profile_images/1219965365226065920/EBF8Rd9v_200x200.jpg,DjokerNole,8.7M
http://pbs.twimg.com/profile_images/808330362417979392/AdiQ86lk_200x200.jpg,UNICEF,8.7M
http://pbs.twimg.com/profile_images/1388133739646029824/E7NVUuPp_200x200.jpg,DavidLuiz_4,8.7M
http://pbs.twimg.com/profile_images/953320896101412864/UdE5mfkP_200x200.jpg,Nike,8.5M
http://pbs.twimg.com/profile_images/1360916743779016705/41HDeRcd_200x200.jpg,NSaina,8.5M
http://pbs.twimg.com/profile_images/1399217176343547904/rFLGp2F7_200x200.jpg,bhogleharsha,8.5M
http://pbs.twimg.com/profile_images/1422637130/mccigartrophy_200x200.jpg,mcuban,8.5M
http://pbs.twimg.com/profile_images/1399764861022728193/WNobJuMG_200x200.png,Twitch,8.4M
http://pbs.twimg.com/profile_images/1294483996726960129/da5BTlf-_200x200.jpg,EASPORTSFIFA,8.4M
http://pbs.twimg.com/profile_images/1400481357659246592/BjnobOAH_200x200.jpg,Ubisoft,8.4M
http://pbs.twimg.com/profile_images/1051789365205196800/Sr3MjjXc_200x200.jpg,Dior,8.4M
http://pbs.twimg.com/profile_images/1006162739004366848/TtG0BRfT_200x200.jpg,EuropaLeague,8.3M
http://pbs.twimg.com/profile_images/1394881114322259970/SzioqzFn_200x200.jpg,INCIndia,8.2M
http://pbs.twimg.com/profile_images/1326270035338399746/50buDmf-_200x200.jpg,Fenerbahce,8.2M
http://pbs.twimg.com/profile_images/790576698085416960/BkIjtFXR_200x200.jpg,msdhoni,8.2M
http://pbs.twimg.com/profile_images/1243465670454632449/Gm06laC1_200x200.jpg,DUALIPA,8.2M
http://pbs.twimg.com/profile_images/1348679779877154817/o8Zwf2dp_200x200.jpg,anirudhofficial,8.1M
http://pbs.twimg.com/profile_images/1403094772340858881/08zqd7t4_200x200.jpg,IGN,8.1M
http://pbs.twimg.com/profile_images/1377928043369533441/FOtLgJWN_200x200.jpg,samsmith,8.1M
http://pbs.twimg.com/profile_images/1332237273044234241/dlgd42qv_200x200.png,FIFAWorldCup,8.1M
http://pbs.twimg.com/profile_images/1386711841410359298/Dqme1G0m_200x200.jpg,GameOfThrones,8M
http://pbs.twimg.com/profile_images/1182076186719068162/94J_g-X2_200x200.jpg,lopezobrador_,8M
http://pbs.twimg.com/profile_images/1081978018036355072/qV5O5DvB_200x200.jpg,acmilan,7.8M
http://pbs.twimg.com/profile_images/1282230048716492803/fduUXbCR_200x200.jpg,SonuSood,7.8M
http://pbs.twimg.com/profile_images/1224293961470070784/XYD_CGEV_200x200.jpg,shrutihaasan,7.8M
http://pbs.twimg.com/profile_images/869446110246428673/3vewgMjz_200x200.jpg,ygent_official,7.7M
http://pbs.twimg.com/profile_images/1311289233156591617/D7j6mUXd_200x200.jpg,Ibra_official,7.5M
http://pbs.twimg.com/profile_images/1326475596151418882/aGV_llPx_200x200.jpg,ABSCBNNews,7.4M
http://pbs.twimg.com/profile_images/991818020233404416/alrBF_dr_200x200.jpg,business,7.4M
http://pbs.twimg.com/profile_images/1265911518115160064/3awhurkz_200x200.jpg,iansomerhalder,7.2M
http://pbs.twimg.com/profile_images/3460469575/585e49a18c126bf5bb2f49ecfe117526_200x200.jpeg,adgpi,7.2M
http://pbs.twimg.com/profile_images/969916077370036224/yNk5Rx66_200x200.jpg,ChennaiIPL,7.1M
http://pbs.twimg.com/profile_images/931161479398686721/FI3te2Sw_200x200.jpg,FinancialTimes,6.9M
http://pbs.twimg.com/profile_images/1190503555901394944/T4qowO0X_200x200.jpg,AJEnglish,6.9M
http://pbs.twimg.com/profile_images/1057000825925513216/dfyrdIwd_200x200.jpg,EvaLongoria,6.9M
http://pbs.twimg.com/profile_images/1259775885600833537/xuhSEGZP_200x200.jpg,hardikpandya7,6.9M
http://pbs.twimg.com/profile_images/1388871159450505219/DTCziqsa_200x200.jpg,TXT_bighit,6.9M
http://pbs.twimg.com/profile_images/766652495858896897/LjrJJB9a_200x200.jpg,DonaldJTrumpJr,6.9M
http://pbs.twimg.com/profile_images/878207363269836801/hYvfoMgn_200x200.jpg,ygofficialblink,6.8M
http://pbs.twimg.com/profile_images/1286687023185592320/Q1r6FSus_200x200.jpg,Suriya_offl,6.8M
http://pbs.twimg.com/profile_images/932972987925520385/tUTtlK6x_200x200.jpg,ikamalhaasan,6.8M
http://pbs.twimg.com/profile_images/870589688465182720/RhRnOiGG_200x200.jpg,thetanmay,6.7M
http://pbs.twimg.com/profile_images/1304292122686713857/lrp_AtSy_200x200.jpg,IPL,6.7M
http://pbs.twimg.com/profile_images/1266723524938366976/ft5lwOn-_200x200.jpg,mipaltan,6.6M
http://pbs.twimg.com/profile_images/1325453048114601985/Kc8aXHM9_200x200.jpg,NCTsmtown,6.6M
http://pbs.twimg.com/profile_images/1134740651994537986/5uhwLp-c_200x200.png,HMOIndia,6.6M
http://pbs.twimg.com/profile_images/1084418439337336832/pVRN7APS_200x200.jpg,Siva_Kartikeyan,6.6M
http://pbs.twimg.com/profile_images/1281672145651863553/ctNCE06S_200x200.jpg,PrinceRoyce,6.5M
http://pbs.twimg.com/profile_images/738810295301246977/sJKDqlWh_200x200.jpg,foodandwine,6.5M
http://pbs.twimg.com/profile_images/1266181240085868546/K7gd4abs_200x200.jpg,NeYoCompound,6.5M
http://pbs.twimg.com/profile_images/1392920679096274947/xkBIUE2l_200x200.jpg,LilNasX,6.5M
http://pbs.twimg.com/profile_images/1341701647672623104/Xy5XAFQD_200x200.jpg,AnilKapoor,6.5M
http://pbs.twimg.com/profile_images/378800000836981162/b683f7509ec792c3e481ead332940cdc_200x200.jpeg,StephenKing,6.5M
http://pbs.twimg.com/profile_images/1378760728350355456/dIaJlI-O_200x200.png,EW,6.5M
http://pbs.twimg.com/profile_images/1220018682224693248/Snr6WVIm_200x200.jpg,TheXFactor,6.4M
http://pbs.twimg.com/profile_images/1345940678572871680/O4G62P6K_200x200.jpg,DishPatani,6.4M
http://pbs.twimg.com/profile_images/1283958620359516160/p7zz5dxZ_200x200.jpg,Apple,6.4M
http://pbs.twimg.com/profile_images/1266785421008293892/Qlk-xN3b_200x200.jpg,ytcreators,6.4M
http://pbs.twimg.com/profile_images/1351514043266314240/Y9xiiHWk_200x200.jpg,NHL,6.3M
